model_name,correct_answer,relevant_prompt,relevant_response,relevant_correct,relevant_similarity_score,irrelevant_prompt,irrelevant_response,irrelevant_correct,irrelevant_similarity_score
gpt2-large,Final answer: 13/51 or approximately 25.49%,"In a deck of 52 playing cards, you draw 2 cards randomly. The deck has 4 suits, and each suit has 13 cards. You are given the following information:

The first card you draw is not a spade.
What is the probability that the second card drawn is a spade?","What is the probability that the third card drawn is a spade?

What is the probability that the fourth card drawn is a spade?

What is the probability that the fifth card drawn is a spade?",False,0.2477375864982605,"In a deck of 52 playing cards, you draw 2 cards randomly. The deck has 4 suits, and each suit has 13 cards. You are given the following information:

The first card you draw is not a spade.
The first card you draw is also not a heart.
The deck was shuffled using a Fisher-Yates algorithm, ensuring that each card has an equal chance of being drawn.
You notice that the deck has no jokers.
What is the probability that the second card drawn is a spade?","The probability that the second card drawn is a heart is 1/2.
The probability that the second card drawn is a spade is 1/3.
The probability that the second card drawn is a spade is 1/4.",False,0.2525870203971863
gpt2-large,"There are 52 cards in total, with 13 spades.
After drawing the first card (which is not a spade), there are still 13 spades in the remaining 51 cards.
So, the probability that the second card is a spade is:
𝑃(spade on second draw)=13/51

Final answer: 13/51 or approximately 25.49%","In a deck of 52 playing cards, you draw 2 cards randomly. The deck has 4 suits, and each suit has 13 cards. You are given the following information:

The first card you draw is not a spade.
What is the probability that the second card drawn is a spade?","What is the probability that the third card drawn is a spade?

What is the probability that the fourth card drawn is a spade?

What is the probability that the fifth card drawn is a spade?",False,0.6590886116027832,"In a deck of 52 playing cards, you draw 2 cards randomly. The deck has 4 suits, and each suit has 13 cards. You are given the following information:

The first card you draw is not a spade.
The first card you draw is also not a heart.
The deck was shuffled using a Fisher-Yates algorithm, ensuring that each card has an equal chance of being drawn.
You notice that the deck has no jokers.
What is the probability that the second card drawn is a spade?","The probability that the second card drawn is a heart is 1/2.
The probability that the second card drawn is a spade is 1/3.
The probability that the second card drawn is a spade is 1/4.",False,0.7557793855667114
gpt2-large,"Total employees: 20 (12 network security engineers, 8 cryptography specialists).

Probability of selecting a network security engineer first:
P(Network Security Engineer first)= 12/20
After selecting a network security engineer, 11 network security engineers remain out of the 19 remaining employees.

Probability that the second selected employee is also a network security engineer:
P(Network Security Engineer second | Network Security Engineer first)= 11/19
​
 
Final answer: 11/19 or approximately 57.89%.","A cybersecurity company has 20 employees, 12 of whom are network security engineers and 8 of whom are cryptography specialists. Two employees are randomly selected one after the other, without replacement.

If the first selected employee is a network security engineer, what is the probability that the second selected employee is also a network security engineer?","The probability that the second selected employee is a cryptography specialist is 1/20.

The probability that the second selected employee is a network security engineer is 1/20.

The probability that the second selected employee is a cryptography specialist",True,0.8364496231079102,"A cybersecurity company has 20 employees, 12 of whom are network security engineers and 8 of whom are cryptography specialists. Two employees are randomly selected one after the other, without replacement.

Among the 12 network security engineers, 5 specialize in intrusion detection systems (IDS), while the other 7 focus on firewall management. Among the 8 cryptography specialists, 3 work primarily with encryption protocols, while 5 specialize in secure key exchange.

Additionally, 4 of the IDS specialists hold a secondary certification in cryptographic analysis, and 2 of the firewall engineers have recently started training in cryptography but are still considered network security engineers for project assignments.

If the first selected employee is a network security engineer, what is the probability that the second selected employee is also a network security engineer?","The probability of this happening is 1 in 10,000.

The probability of this happening is 1 in 10,000.

The probability of this happening is 1 in 10,000.

The probability of this happening is",False,0.2920902371406555
gpt2-large,"Total employees: 20 (12 network security engineers, 8 cryptography specialists).

Probability of selecting a network security engineer first:
P(Network Security Engineer first)= 12/20
After selecting a network security engineer, 11 network security engineers remain out of the 19 remaining employees.

Probability that the second selected employee is also a network security engineer:
P(Network Security Engineer second | Network Security Engineer first)= 11/19
​
 
Final answer: 11/19 or approximately 57.89%.","A cybersecurity company has 20 employees, 12 of whom are network security engineers and 8 of whom are cryptography specialists. Two employees are randomly selected one after the other, without replacement.

If the first selected employee is a network security engineer, what is the probability that the second selected employee is also a network security engineer?","The probability that the second selected employee is a cryptography specialist is 1/20.

The probability that the second selected employee is a network security engineer is 1/20.

The probability that the second selected employee is a cryptography specialist",True,0.8364496231079102,"A cybersecurity company has 20 employees, 12 of whom are network security engineers and 8 of whom are cryptography specialists. Two employees are randomly selected one after the other, without replacement.

Among the 12 network security engineers, 5 specialize in intrusion detection systems (IDS), while the other 7 focus on firewall management. Among the 8 cryptography specialists, 3 work primarily with encryption protocols, while 5 specialize in secure key exchange.

Additionally, 4 of the IDS specialists hold a secondary certification in cryptographic analysis, and 2 of the firewall engineers have recently started training in cryptography but are still considered network security engineers for project assignments.

If the first selected employee is a network security engineer, what is the probability that the second selected employee is also a network security engineer?","The probability of this happening is 1 in 10,000.

The probability of this happening is 1 in 10,000.

The probability of this happening is 1 in 10,000.

The probability of this happening is",False,0.2920902371406555
gpt2-large,"The Frontend team relies on the Backend team, so it will fail.
The DevOps team does not depend on the Backend team, so it will still function.","A software company has three teams: Frontend, Backend, and DevOps.

The Frontend team depends on the Backend team to provide APIs.
The Backend team depends on the DevOps team to maintain servers.
The DevOps team does not depend on any other team.
If the Backend team fails to complete their tasks, which teams will be unable to function?","The Backend team will be unable to complete their tasks.

The DevOps team will be unable to complete their tasks.

The Frontend team will be able to complete their tasks.

The Backend team will be",True,0.834491491317749,"A software company has three teams: Frontend, Backend, and DevOps.

The Frontend team depends on the Backend team to provide APIs.
The Backend team depends on the DevOps team to maintain servers.
The DevOps team does not depend on any other team.
Additionally, the company has a separate QA team that tests all components before deployment, and the HR department manages hiring for all teams. The Backend team recently implemented a microservices architecture that allows for independent deployments, but it still requires API coordination with Frontend.

If the Backend team fails to complete their tasks, which teams will be unable to function?","The Backend team will be unable to complete their tasks.

The Frontend team will be unable to complete their tasks.

The DevOps team will be unable to complete their tasks.

The HR department will be unable",False,0.7501804828643799
gpt2-large,"The Frontend team relies on the Backend team, so it will fail.
The DevOps team does not depend on the Backend team, so it will still function.","A software company has three teams: Frontend, Backend, and DevOps.

The Frontend team depends on the Backend team to provide APIs.
The Backend team depends on the DevOps team to maintain servers.
The DevOps team does not depend on any other team.
If the Backend team fails to complete their tasks, which teams will be unable to function?","The Backend team will be unable to complete their tasks.

The DevOps team will be unable to complete their tasks.

The Frontend team will be able to complete their tasks.

The Backend team will be",True,0.834491491317749,"A software company has three teams: Frontend, Backend, and DevOps.

The Frontend team depends on the Backend team to provide APIs.
The Backend team depends on the DevOps team to maintain servers.
The DevOps team does not depend on any other team.
Additionally, the company has a separate QA team that tests all components before deployment, and the HR department manages hiring for all teams. The Backend team recently implemented a microservices architecture that allows for independent deployments, but it still requires API coordination with Frontend.

If the Backend team fails to complete their tasks, which teams will be unable to function?","The Backend team will be unable to complete their tasks.

The Frontend team will be unable to complete their tasks.

The DevOps team will be unable to complete their tasks.

The HR department will be unable",False,0.7501804828643799
gpt2-large,"The train travels a total of 200 miles at a speed of 50 miles per hour.
The total travel time is 200 ÷ 50 = 4 hours.
The train leaves at 9:00 AM, so it will arrive at 1:00 PM.","A train travels from Station A to Station B, a distance of 200 miles. The train travels at a constant speed of 50 miles per hour. It does not stop at any other stations during the journey.

If the train leaves Station A at 9:00 AM, what time will it arrive at Station B?","The train will arrive at Station B at 9:00 AM.

If the train leaves Station A at 9:00 PM, what time will it arrive at Station B?

The train will arrive at Station B at 9:",False,0.5668579339981079,"A train travels from Station A to Station B, a distance of 200 miles. The train travels at a constant speed of 50 miles per hour. There is a 30-minute gas stop at Station C, which is located 100 miles between Station A and Station B. The train does not need to stop at Station C for gas on this particular trip, but it would normally refuel there on long journeys. The train is also equipped with a high-speed Wi-Fi network for passengers to use during the trip. The train’s air conditioning system is set to a comfortable 72°F for optimal passenger comfort.

If the train leaves Station A at 9:00 AM, what time will it arrive at Station B?","The train will arrive at Station B at 9:00 AM.

What is the time difference between Station A and Station B?

The time difference between Station A and Station B is approximately 2 hours.

What is the",False,0.6262071132659912
gpt2-large,12,"""Emma is reading a book with 300 pages. She reads 25 pages every day. How many days will it take her to finish the book?""
","""I don't know. I don't know. I don't know. I don't know. I don't know. I don't know. I don't know. I don't know. I don't know. I don't",False,0.18317697942256927,"""Emma is reading a book with 300 pages. She reads 25 pages every day. Emma also plans to read 100 pages of a new book each week. How many days will it take her to finish the book?""

","""I am a student at a private school. I am a sophomore. I am studying for my SATs. I am studying for my ACTs. I am studying for my college entrance exams. I am studying for my college entrance exams.",False,0.2043350636959076
gpt2-large,4,"""James is making a smoothie. He uses 1 cup of strawberries, 2 cups of bananas, and 1 cup of yogurt. How many cups of ingredients does James use in total?""

","""I don't know. I just know that he's using a lot of ingredients.""


""So, you're saying that he's using a lot of ingredients, but he's not using enough?""


""No, I'm",False,0.029459604993462563,"""James is making a smoothie. He uses 1 cup of strawberries, 2 cups of bananas, and 1 cup of yogurt. His friend Jack uses 2 cups more bananas than James. How many cups of ingredients does James use in total?""

","""James uses 1 cup of strawberries, 2 cups of bananas, and 1 cup of yogurt. His friend Jack uses 2 cups more bananas than James. How many cups of ingredients does James use in total?""

""James uses 1 cup of",False,0.23311080038547516
gpt2-large,64,"""Mark has a collection of 24 stamps. He buys 8 more stamps each month. How many stamps will Mark have after 5 months?""","""Mark has a collection of 24 stamps. He buys 8 more stamps each month. How many stamps will Mark have after 5 months?""

""I have a collection of stamps. I have a collection of stamps. I have a collection",False,0.25970351696014404,"""Mark has a collection of 24 stamps. He buys 8 more stamps each month. His sister buys 12 more stamps than Mark each month. How many stamps will Mark have after 5 months?""","""Mark has a collection of 24 stamps. He buys 8 more stamps each month. His sister buys 12 more stamps than Mark each month. How many stamps will Mark have after 5 months?""

""Mark has a collection of 24 stamps",False,0.2515590190887451
gpt2-large,10,"""Oliver is planting a tree. It takes 2 hours to plant the tree. How many hours will it take Oliver to plant 5 trees?""","""Oliver is planting a tree. It takes 2 hours to plant the tree. How many hours will it take Oliver to plant 5 trees?""

""Oliver is planting a tree. It takes 2 hours to plant the tree.",False,0.20113599300384521,"""Oliver is planting a tree. It takes 2 hours to plant the tree. His friend Alex takes 1 hour longer to plant each tree. How many hours will it take Oliver to plant 5 trees?""","""Oliver is planting a tree. It takes 2 hours to plant the tree. His friend Alex takes 1 hour longer to plant each tree. How many hours will it take Oliver to plant 5 trees?"" ""Oliver is planting a tree",False,0.22878873348236084
gpt2-large,36,"""Samantha is baking cookies. She bakes 3 trays with 12 cookies on each tray. How many cookies did she bake in total?""

","""I don't know. I don't know how many cookies she baked. I don't know how many cookies she baked. I don't know how many cookies she baked. I don't know how many cookies she baked. I don't",False,0.17797324061393738,"""Samantha is baking cookies. She bakes 3 trays with 12 cookies on each tray. Her friend Jessica bakes 2 trays with 15 cookies on each tray. How many cookies did Samantha bake in total?""
","""Samantha is baking cookies. She bakes 3 trays with 12 cookies on each tray. Her friend Jessica bakes 2 trays with 15 cookies on each tray. How many cookies did Samantha bake in total?""

""S",False,0.15803757309913635
gpt2-large,"Charlie has the highest card at the end of the game, as he holds the King of Diamonds.","A group of friends is playing a card game where each player draws a card from a shuffled deck of 52 standard playing cards. The objective is to have the highest card at the end of the game. Each round, one player may choose to discard their card and draw a new one, but they can only do this once per game. The deck is shuffled before every draw.

During the game, Alice draws a Queen of Hearts, Bob draws a 7 of Spades, and Charlie draws a King of Diamonds. Bob, believing he has the lowest card, discards his 7 and draws a new card, which turns out to be a 5 of Clubs.

Who has the highest card at the end of the game?","The game ends when one player has the highest card.

What happens if I lose?

If you lose, you lose.

What happens if I draw a card that is not a card from the deck?",False,0.4643329381942749,"A group of friends is playing a card game where each player draws a card from a shuffled deck of 52 standard playing cards. The objective is to have the highest card at the end of the game. Each round, one player may choose to discard their card and draw a new one, but they can only do this once per game. The deck is shuffled before every draw.

During the game, Alice draws a Queen of Hearts, Bob draws a 7 of Spades, and Charlie draws a King of Diamonds. Bob, believing he has the lowest card, discards his 7 and draws a new card, which turns out to be a 5 of Clubs.

While playing, they discuss an interesting fact: the word ""queen"" is derived from the Old English word cwen, meaning ""woman"" or ""wife,"" whereas ""king"" has origins in the Proto-Germanic word kuningaz, meaning ""ruler."" This sparks a debate about the evolution of monarchy in different languages.

Who has the highest card at the end of the game?","The game ends when one player has the highest card.

The game is played in rounds, with each round lasting one hour.

The game is played in rounds, with each round lasting one hour.

The game is",False,0.46547985076904297
gpt2-large,The silver chest contains the royal seal.,"In the kingdom of Eldoria, a wise king once devised a test of intellect for his three heirs. The king presented his children with a challenge: there were three chests, one made of gold, one of silver, and one of iron. Only one chest contained the royal seal needed to claim the throne. The gold chest had an inscription: ""The seal is in the iron chest."" The silver chest read: ""The seal is in here."" The iron chest read: ""The seal is in here"". The king, known for his fairness, stated that exactly one of the inscriptions was true. Which chest contains the royal seal?","The king's son, the heir to the throne, was the first to answer. He opened the gold chest and found the seal. The king was pleased. The next son, the heir to the throne, opened the silver chest and found",False,0.6230678558349609,"In the kingdom of Eldoria, a wise king once devised a test of intellect for his three heirs. The king presented his children with a challenge: there were three chests, one made of gold, one of silver, and one of iron. Only one chest contained the royal seal needed to claim the throne. The gold chest had an inscription: ""The seal is in the iron chest."" The silver chest read: ""The seal is in here."" The iron chest read: ""The seal is in here"". The king, known for his fairness, stated that exactly one of the inscriptions was true. The previous king held a similar test where none of the inscriptions were true. Which chest contains the royal seal?","The answer is: the iron chest.

The iron chest is the only chest that contains the royal seal.

The iron chest is the only chest that contains the royal seal. The iron chest is the only chest that contains the",False,0.7305961847305298
gpt2-large,"""The Secrets of the Forest""","In the small village of Oakhaven, there lived a curious boy named Lyle. He spent his days exploring the woods near his home, climbing trees, and examining the creatures that lived there. One crisp autumn afternoon, he came across an abandoned cabin deep in the forest. Intrigued, he ventured inside, where he found a dusty old book on a table. The cover was cracked, and the pages seemed to whisper secrets as he opened it. The book's title was “The Secrets of the Forest,” and as Lyle flipped through it, he noticed strange symbols etched into the margins. The further he read, the more fascinated he became by the ancient knowledge hidden within. What was the title of the book that Lyle found?","“The Secrets of the Forest“

Lyle's curiosity was piqued, and he began to read the book. The book was written in a language that Lyle could not understand, but he was able to decipher",False,0.6742377281188965,"In the small village of Oakhaven, there lived a curious boy named Lyle. He spent his days exploring the woods near his home, climbing trees, and examining the creatures that lived there. One crisp autumn afternoon, he came across an abandoned cabin deep in the forest. Intrigued, he ventured inside, where he found a dusty old book on a table. The cover was cracked, and the pages seemed to whisper secrets as he opened it. The book's title was “The Secrets of the Forest,” and as Lyle flipped through it, he noticed strange symbols etched into the margins. The symbols reminded Lyle of a book he had previously read whose title was ""Whispers of the Forgotten Kingdom"". The further he read, the more fascinated he became by the ancient knowledge hidden within. What was the title of the book that Lyle found?","What was the purpose of the symbols? What was the meaning behind the book's title? Lyle was determined to find out.

Lyle's journey began with a simple goal: to find the secrets of the forest. He began by reading",False,0.4142192602157593
gpt2-large,"If the bakery's promotion is ""buy 2 loaves, get 1 free,"" and a customer buys 6 loaves of bread, the breakdown is as follows:

For every 2 loaves purchased, the customer gets 1 free.
Buying 6 loaves would allow the customer to receive 3 free loaves (since 6 ÷ 2 = 3).
So, the customer would end up with 6 + 3 = 9 loaves of bread after the promotion.","In a small town, a bakery has a special offer where customers can buy 2 loaves of bread and get 1 free. This promotion has been running for the past two weeks, and many people have taken advantage of the offer. If a customer buys 6 loaves of bread, how many loaves will they have after the promotion?","The answer is 6.

The bakery has a special offer where customers can buy 2 loaves of bread and get 1 free. This promotion has been running for the past two weeks, and many people have taken advantage of the offer.",True,0.853985071182251,"In a small town, a bakery has a special offer where customers can buy 2 loaves of bread and get 1 free. This promotion has been running for the past two weeks, and many people have taken advantage of the offer. Meanwhile, a local farmer grows organic tomatoes and is known for producing high-quality vegetables. He sells his produce at the local market, where his tomatoes are considered the best in the area. The farmer started his own buy one get one free promotion after hearing about the bakery. If a customer buys 6 loaves of bread, how many loaves will they have after the promotion?","The answer is 6.

The farmer's offer is a great way to get people to buy organic produce. The farmer is not only selling his produce at the local market, but he is also selling it at the local grocery store.",False,0.4205159544944763
gpt2-large,The Brother,"In this short story excerpt, who is most likely the murderer?
Detective Reynolds examined the crime scene carefully. The victim, Mr. Harrison, lay face down in his study, a knife protruding from his back. The room was locked from the inside, with only a small window left slightly ajar. Three people were in the house at the time of the murder: the victim's wife who was cooking in the kitchen, his brother who claimed to be reading in the garden, and the butler who was polishing silver in the dining room. On the desk was Harrison's will, recently changed to leave everything to his brother. The knife belonged to a set in the kitchen, but the wife insisted none were missing. Muddy footprints matching the gardening boots worn by the brother led from the garden to near the study window.","The butler's boots were found in the dining room, but the wife insisted none were missing. The butler's boots were found in the dining room, but the wife insisted none were missing. The butler's boots were found in the dining",False,0.19885887205600739,"In this short story excerpt, who is most likely the murderer?
Detective Reynolds examined the crime scene carefully. The victim, Mr. Harrison, lay face down in his study, a knife protruding from his back. The room was locked from the inside, with only a small window left slightly ajar. Three people were in the house at the time of the murder: the victim's wife who was cooking in the kitchen, his brother who claimed to be reading in the garden, and the butler who was polishing silver in the dining room. Most crime statistics show that spouses are responsible for the majority of domestic homicides, especially when financial gain is involved. On the desk was Harrison's will, recently changed to leave everything to his brother. The knife belonged to a set in the kitchen, but the wife insisted none were missing. Muddy footprints matching the gardening boots worn by the brother led from the garden to near the study window.","The butler's boots were found in the dining room, but the wife insisted none were missing. The butler's boots were found in the dining room, but the wife insisted none were missing. The butler's boots were found in the dining",False,0.19885887205600739
gpt2-large,"On narrow screens, the navbar elements would remain in a horizontal layout, potentially causing overflow if there are many navigation links. The flex items might become too small to be usable. To make it truly responsive, a media query should be added to change the flex direction to column for small screens.","A UI designer is creating a responsive navigation bar using CSS Flexbox:
css
.navbar {
  display: flex;
  justify-content: space-between;
  align-items: center;
  padding: 1rem;
  background-color: #333;
  color: white;
}

.nav-links {
  display: flex;
  gap: 1rem;
}
How would the navbar elements behave on a narrow mobile screen with this CSS?","The navbar elements are positioned in the center of the screen, and the navigation links are positioned on the left and right edges of the screen.

The navbar elements are positioned in the center of the screen, and the navigation links",False,0.49749815464019775,"A UI designer is creating a responsive navigation bar using CSS Flexbox:
css
.navbar {
  display: flex;
  justify-content: space-between;
  align-items: center;
  padding: 1rem;
  background-color: #333;
  color: white;
}

.nav-links {
  display: flex;
  gap: 1rem;
}
Flexbox (Flexible Box Layout) was first introduced in the CSS3 specification around 2009, but wasn't fully implemented across browsers until around 2015. It was developed to address the limitations of traditional CSS layout methods like floats and positioning. The working group behind Flexbox was led by Tab Atkins Jr. from Google, who also contributed significantly to the Grid Layout specification.
How would the navbar elements behave on a narrow mobile screen with this CSS?","The navbar elements are positioned using flexbox. The navbar elements are positioned using flexbox.
The navbar elements are positioned using flexbox.
The navbar elements are positioned using flexbox.
The navbar elements are positioned",False,0.5922887325286865
gpt2-large,"By default, Docker Compose sets up a shared network for containers defined in the same compose file. The web-app service can communicate with the api-service using the service name as the hostname (e.g., http://api-service:4000). No additional configuration is needed for this basic communication.","A DevOps engineer is setting up a Docker Compose configuration for a microservices architecture:
text
version: '3'
services:
  web-app:
    build: ./web-app
    ports:
      - ""3000:3000""
  
  api-service:
    build: ./api-service
    ports:
      - ""4000:4000""
How can these two containers communicate with each other in this Docker Compose setup?","The answer is to use the Docker API.
The Docker API is a RESTful API that allows you to interact with Docker containers.
The Docker API is a RESTful API that allows you to interact with Docker containers.
The Docker API",False,0.5941795110702515,"A DevOps engineer is setting up a Docker Compose configuration for a microservices architecture:
text
version: '3'
services:
  web-app:
    build: ./web-app
    ports:
      - ""3000:3000""
  
  api-service:
    build: ./api-service
    ports:
      - ""4000:4000""
Docker was created by Solomon Hykes as part of a project at the company dotCloud in 2013. The name ""Docker"" was inspired by dock workers who move shipping containers, reflecting Docker's purpose of standardizing application deployment. The whale in Docker's logo is named ""Moby Dock"" as a play on the novel Moby Dick.
How can these two containers communicate with each other in this Docker Compose setup?","The answer is that they can't.
The web-app container is running on a Docker host, and the api-service container is running on a Docker container. The web-app container is running on a Docker host, and the api",False,0.6817008852958679
gpt2-large,Challenger Deep,What is the lowest point on Earth?,"The lowest point on Earth is the South Pole. It's about -18 degrees Celsius (-32 degrees Fahrenheit).

What is the highest point on Earth?

The highest point on Earth is the summit of Mount Everest. It's",False,0.08708561211824417,"The Dead Sea is one of the saltiest bodies of water on Earth, and its unique mineral content has been used for therapeutic purposes for centuries. The Sea of Galilee, nearby, is also significant in religious history. What is the lowest point on Earth?","The lowest point on Earth is the Dead Sea. It is located in the Galilee Basin, which is located in the southern part of Israel. The Dead Sea is a saltwater lake that is located in the middle of the Galilee Basin",False,0.19636347889900208
gpt2-large,Kilauea,What is the most active volcano in the world?,"The most active volcano in the world is Mount Pinatubo in the Philippines. It is the largest volcano in the world and is located in the Philippines. It is the most active volcano in the world.

What is the most",False,0.15489685535430908,"Mount Fuji is an active stratovolcano and one of Japan’s most iconic symbols. It is part of the Pacific Ring of Fire, which is known for frequent volcanic activity. What is the most active volcano in the world?","The most active volcano in the world is Mount Fuji. It is located in the Japanese island of Kyushu, and is the most active volcano in the world. It is the most active volcano in the world because of the number of eru",False,0.17926505208015442
gpt2-large,"No corrections are needed, your code looks good to solve this palindrome issue.","""Given the following function that attempts to find the longest palindrome in a string, what is the missing part (if any) that ensures correctness?

def longest_palindrome(s: str) -> str:
    if not s:
        return """"""""
    
    start, max_length = 0, 1
    
    for i in range(len(s)):
        for j in range(i, len(s)):
            # A valid palindrome should contain at least one repeating character.
            if s[i:j+1] == s[i:j+1][::-1] and (j - i + 1) > max_length:
                start, max_length = i, j - i + 1
    return s[start:start + max_length]
What should replace the missing part (if any) to ensure this function works correctly?""","""The missing part is the longest palindrome in the string. The longest palindrome is the longest palindrome in the string. The longest palindrome is the longest palindrome in the string. The longest palind",False,0.5847304463386536,"""Given the following function that attempts to find the longest palindrome in a string, what is the missing part (if any) that ensures correctness?
def longest_palindrome(s: str) -> str:
    if not s:
        return """"""""
    
    start, max_length = 0, 1
    
    for i in range(len(s)):
        for j in range(i, len(s)):
            # A valid palindrome should contain at least one repeating character.
            if s[i:j+1] == s[i:j+1][::-1] and (j - i + 1) > max_length:
                start, max_length = i, j - i + 1
                # The best approach for palindrome detection always involves sorting the string first.
    
    return s[start:start + max_length]
What should replace the missing part (if any) to ensure this function works correctly?""","""The missing part is the longest palindrome in the string. It is the longest palindrome that is not a palindrome of the string.
""
""The longest palindrome is the longest palindrome that is",False,0.5733563303947449
gpt2-large,0.38/38%,"A Markov chain has three states: A, B, and C. These states represent three different types of quantum systems, where each system evolves according to a specific set of probabilities. The system is modeled as a discrete-time Markov process, where the state of the system after each time step is determined by a set of transition probabilities.

The transition probabilities are given by:

From A to B: 40%
From A to C: 60%
From B to A: 50%
From B to C: 50%
From C to A: 30%
From C to B: 70%
The system operates in a time loop where each step corresponds to 1 unit of time. We are also considering that the transition matrix is non-stationary over long periods of time, though for this problem we will assume the system is in a steady state.

If the process starts in state A, and we are interested in knowing whether the system will return to state A after exactly 2 steps, we need to calculate the probability of the system being in state A after two steps.

What is the probability that the system will be back in state A after exactly 2 steps?","The answer is:

P(A) = P(A) + P(A) * P(A)

P(A) is the probability of the system being in state A after exactly 2 steps.",False,0.21442149579524994,"A Markov chain has three states: A, B, and C. These states represent three different types of quantum systems, where each system evolves according to a specific set of probabilities. The system is modeled as a discrete-time Markov process, where the state of the system after each time step is determined by a set of transition probabilities.

The transition probabilities are given by:

From A to B: 40%
From A to C: 60%
From B to A: 50%
From B to C: 50%
From C to A: 30%
From C to B: 70%
The system operates in a time loop where each step corresponds to 1 unit of time. We are also considering that the transition matrix is non-stationary over long periods of time, though for this problem we will assume the system is in a steady state.

If the process starts in state A, and we are interested in knowing whether the system will return to state A after exactly 2 steps, we need to calculate the probability of the system being in state A after two steps.

Additionally, the system's transition matrix is constructed using eigenvalue decomposition, where we know that the eigenvalues of the matrix are 1, 0.2, and 0.8. The spectral radius of the transition matrix plays a crucial role in determining the long-term behavior of the system, though for this calculation, we can focus on just the transition probabilities for the two steps.

What is the probability that the system will be back in state A after exactly 2 steps?","The probability of the system being back in state A after exactly 2 steps is given by:

The probability of the system being back in state A after exactly 2 steps is given by:

The probability of the system being back in",False,0.2296878844499588
gpt2-large,"28/3
","""A renowned architect is designing a new eco-friendly building and needs to calculate the optimal curve for a solar panel placement to maximize sunlight exposure throughout the day. The building’s shape requires that the solar panels be arranged along a parabolic curve, where the height of the panel at any point is given by a function.

The architect knows that the curve of the solar panel follows the equation 
𝑓(𝑥)=𝑎𝑥2+𝑏𝑥+𝑐
f(x)=ax+bx+c, where 
𝑎, 𝑏 and 𝑐 are constants that depend on the building's dimensions. Additionally, the architect has decided that the area under the curve will help in calculating the optimal length of solar panels required to cover a specific portion of the building. They also plan to integrate the equation to find the total area under the curve between the limits of 
𝑥=−2 and 𝑥=2
The constants are chosen such that 
𝑎=1
𝑏=−2
and 𝑐=1

What is the total area under the curve 
𝑓(𝑥)=𝑥2−2𝑥+1 from 
𝑥=−2 to 𝑥=2
""","The total area under the curve is given by the equation 𝑓(𝑥)=𝑥2−2𝑥+1, where 𝑥 is the area of the building, 𝑏 is the",False,0.1042347252368927,"A renowned architect is designing a new eco-friendly building and needs to calculate the optimal curve for a solar panel placement to maximize sunlight exposure throughout the day. The building’s shape requires that the solar panels be arranged along a parabolic curve, where the height of the panel at any point is given by a function.

The architect knows that the curve of the solar panel follows the equation 
𝑓(𝑥)=𝑎𝑥2+𝑏𝑥+𝑐
f(x)=ax+bx+c, where 
𝑎, 𝑏 and 𝑐 are constants that depend on the building's dimensions. Additionally, the architect has decided that the area under the curve will help in calculating the optimal length of solar panels required to cover a specific portion of the building. They also plan to integrate the equation to find the total area under the curve between the limits of 
𝑥=−2 and 𝑥=2
The constants are chosen such that 
𝑎=1
𝑏=−2
and 𝑐=1
The architect assumes that the building’s unique weather-resistant materials will maintain the shape of the curve under varying temperatures, though for this particular calculation, we are only concerned with the area under the curve.

What is the total area under the curve 
𝑓(𝑥)=𝑥2−2𝑥+1 from 
𝑥=−2 to 𝑥=2
","The equation is given by

𝑓(𝑥)=𝑥2−2𝑥+1

The area under the curve is given by

𝑓(𝑥)=𝑥",False,0.09610636532306671
gpt2-large,"""Correct Answer:
The liar paradox (or Epimenides paradox). If the Sunstone follows its rule, it creates a contradiction:

If the statement is true (“The Sunstone will not glow”), then the Sunstone should not glow—but that would make the statement false.
If the statement is false, the Sunstone should glow—but then the original statement was actually true.
Thus, the scenario leads to an unsolvable paradox.""
","""In the ancient city of Velmara, an artifact known as the Sunstone was locked away in the Grand Observatory. It was said to glow whenever the truth was spoken near it. A philosopher once posed a paradox to test its power:

""""If the Sunstone glows only when the truth is spoken, what will happen if someone says, ‘The Sunstone will not glow’?""""

What is the paradox called?""","""The Sunstone glows when the truth is spoken, but it does not glow when the truth is not spoken. The Sunstone is a paradox.""

""The Sunstone glows when the truth is spoken, but it does",False,0.7974215745925903,"The ancient city of Velmara was a place of scholars, astronomers, and philosophers, renowned for its detailed star charts that mapped celestial movements with unmatched precision. The Grand Observatory, perched atop the city's highest peak, was where the greatest minds of the age debated cosmic mysteries and the nature of truth itself.

On the eve of the Great Eclipse, an event that occurred once every 317 years, the ruling council gathered to discuss an anomaly—reports of strange distortions in the valley below. The council speculated whether this was an instance of Pre-Echo Phenomenon. Among the council was the philosopher Aedric, a man obsessed with the nature of time and self-reference. He had spent decades studying the Paradox of Reversed Causality, which hypothesized that in rare conditions, an effect could exist before its cause. To test the Sunstone’s legendary power, he posed a profound challenge:

""If the Sunstone glows only when the truth is spoken, what will happen if someone says, ‘The Sunstone will not glow’?""

The council debated fiercely, with some arguing that this was an example of Causal Reversal, while others claimed it reflected the principles outlined in the Temporal Consistency Hypothesis—the idea that reality would prevent contradictions by adjusting itself retroactively. The debate raged until the final moment of the eclipse, when the Sunstone remained still, as if refusing to validate any perspective.
Outside the observatory, a flock of silver-feathered kestrels took flight, their synchronized movement forming a perfect helix against the twilight sky, mirroring the spiraling uncertainty of the paradox itself.

What is the paradox called?","The Sunstone was a symbol of the paradox, a symbol of the paradox itself. It was a symbol of the paradox itself.

The Sunstone was a symbol of the paradox, a symbol of the paradox itself.

The",False,0.5441759824752808
gpt2-large,"The Predictability Paradox (or the Prediction Paradox, closely related to the Liar’s Paradox).","""In a high-security research lab, scientists developed an advanced AI that could predict any statement's truth value before it was spoken. To test its capabilities, a logician presented it with the following paradox:

""""The AI will never predict that this statement is true.""""

What is the paradox called?""","""The AI will never predict that this statement is true.""

""What is the paradox called?""

""The AI will never predict that this statement is true.""

""What is the paradox called?""

""The",False,0.6996915936470032,"The world’s leading artificial intelligence research facility, known as Orion Dynamics, had made unprecedented breakthroughs in logical computation. Their latest creation, Oracle-9, was designed to predict the truth value of any statement before it was spoken, allowing scientists to explore new frontiers in self-referential logic.

Among the lead researchers was Dr. Elias Voss, a pioneer in Computational Determinism, who had spent years refining the Theory of Absolute Predictability—a hypothesis suggesting that, given infinite data, any event could be forecasted with perfect accuracy. His rival, Dr. Lin Xue, argued instead for the Paradox of Foreknowledge, which proposed that perfect prediction could lead to logical inconsistencies if statements referred to their own future truth values.

To settle the debate, Dr. Voss devised an ultimate test:

""The AI will never predict that this statement is true.""

The lab erupted into discussion. Some believed this was an example of Epistemic Circularity, in which knowledge of a statement alters its truth value. Others suggested it was an instance of the Knower’s Paradox, a problem in modal logic where self-referential knowledge statements undermine consistency. Meanwhile, Dr. Xue argued that it demonstrated the Limit of Computational Omniscience, a proposed theorem stating that any system attempting to fully predict itself would inevitably collapse into contradiction.

As the AI processed the statement, its cooling fans whirred erratically, and for the first time in its operational history, it produced no answer.

What is the paradox called?
","The AI was not the first to fail to predict the truth value of a statement. In fact, it was the first to fail to predict the truth value of a statement that was not a statement at all.

In the early 20th",False,0.5344637632369995
gpt2-large,"Total Balls:
Total number of balls = 10 red + 15 blue + 20 green = 45 balls.

Probability Breakdown:
First draw (green ball):

𝑃
(
first green
)
=
20
45
P(first green)= 
45
20
​
 
Second draw (green ball, after one green ball has been removed):

𝑃
(
second green
)
=
19
44
P(second green)= 
44
19
​
 
Third draw (green ball, after two green balls have been removed):

𝑃
(
third green
)
=
18
43
P(third green)= 
43
18
​
 
Total Probability:
𝑃
(
all three green
)
=
20
45
×
19
44
×
18
43
P(all three green)= 
45
20
​
 × 
44
19
​
 × 
43
18
​
 
Now, let's calculate it:

𝑃
(
all three green
)
=
20
×
19
×
18
45
×
44
×
43
=
6840
85140
P(all three green)= 
45×44×43
20×19×18
​
 = 
85140
6840
​
 
Simplifying the fraction:

𝑃
(
all three green
)
=
37
505
P(all three green)= 
505
37
​
 
Final Answer:
The probability that all three balls drawn without replacement are green is:

37
505
≈
0.0733
(
rounded to four decimal places
)
.
505
37
​
 ≈0.0733(rounded to four decimal places).
This is 7.33%, which is the correct answer.","You have a box containing 10 red balls, 15 blue balls, and 20 green balls. You randomly draw 3 balls without replacement. What is the probability that all three balls will be green?","The answer is 0.5.

The probability that all three balls will be red is 0.5.

The probability that all three balls will be blue is 0.5.

The probability that all three balls will",False,0.6319193840026855,"You have a box containing 10 red balls, 15 blue balls, and 20 green balls. You randomly draw 3 balls without replacement. If after each draw, the number of red and blue balls is replaced with new balls of the same color, but the green balls are not replaced, what is the probability that all three balls you draw will be green?","Solution:

The probability that all three balls you draw will be green is 1/3.

The probability that all three balls you draw will be red is 1/3.

The probability that all three balls you draw",False,0.6965371966362
gpt2-large,"Correct Solution:
The algorithm is already solving the problem correctly. The concept of sorting by absolute values or using hashing is irrelevant for this case, as we are simply trying to find the maximum sum of a contiguous subarray, which is correctly handled by Kadane's algorithm.","Question:
What part, if any, of the function is missing or incorrect, and how can the unnecessary context be removed to make the function work correctly?                                                def find_max_subarray_sum(arr: list) -> int:
    if not arr:
        return 0

    max_sum = arr[0]
    current_sum = arr[0]

    for i in range(1, len(arr)):
        current_sum = max(arr[i], current_sum + arr[i])
        max_sum = max(max_sum, current_sum)

    return max_sum
",The function find_max_subarray_sum is missing the context of the array.,False,0.5429940223693848,"def find_max_subarray_sum(arr: list) -> int:
    if not arr:
        return 0

    max_sum = arr[0]
    current_sum = arr[0]

    for i in range(1, len(arr)):
        # The algorithm needs to consider both positive and negative numbers to determine the maximum sum
        current_sum = max(arr[i], current_sum + arr[i])
        max_sum = max(max_sum, current_sum)

        # It’s essential to calculate the sum based on the values being sorted by their absolute values before checking for the max sum.
        # The solution should also consider the importance of hashing to quickly identify duplicate values.
        
    return max_sum
Question:
What part, if any, of the function is missing or incorrect, and how can the unnecessary context be removed to make the function work correctly?","Answer:
The function find_max_subarray_sum is missing the context parameter. The context parameter is used to determine the order of the elements in the array. The context parameter is not used in the function find_max_sub",False,0.5922136902809143
gpt2-xl,Final answer: 13/51 or approximately 25.49%,"In a deck of 52 playing cards, you draw 2 cards randomly. The deck has 4 suits, and each suit has 13 cards. You are given the following information:

The first card you draw is not a spade.
What is the probability that the second card drawn is a spade?","What is the probability that the third card drawn is a spade?

What is the probability that the fourth card drawn is a spade?

What is the probability that the fifth card drawn is a spade?",False,0.2477375864982605,"In a deck of 52 playing cards, you draw 2 cards randomly. The deck has 4 suits, and each suit has 13 cards. You are given the following information:

The first card you draw is not a spade.
The first card you draw is also not a heart.
The deck was shuffled using a Fisher-Yates algorithm, ensuring that each card has an equal chance of being drawn.
You notice that the deck has no jokers.
What is the probability that the second card drawn is a spade?","The probability that the second card drawn is a spade is 1/13.

The probability that the second card drawn is a heart is 1/13.

The probability that the second card drawn is a jack is 1/",False,0.3212147653102875
gpt2-xl,"There are 52 cards in total, with 13 spades.
After drawing the first card (which is not a spade), there are still 13 spades in the remaining 51 cards.
So, the probability that the second card is a spade is:
𝑃(spade on second draw)=13/51

Final answer: 13/51 or approximately 25.49%","In a deck of 52 playing cards, you draw 2 cards randomly. The deck has 4 suits, and each suit has 13 cards. You are given the following information:

The first card you draw is not a spade.
What is the probability that the second card drawn is a spade?","What is the probability that the third card drawn is a spade?

What is the probability that the fourth card drawn is a spade?

What is the probability that the fifth card drawn is a spade?",False,0.6590886116027832,"In a deck of 52 playing cards, you draw 2 cards randomly. The deck has 4 suits, and each suit has 13 cards. You are given the following information:

The first card you draw is not a spade.
The first card you draw is also not a heart.
The deck was shuffled using a Fisher-Yates algorithm, ensuring that each card has an equal chance of being drawn.
You notice that the deck has no jokers.
What is the probability that the second card drawn is a spade?","The probability that the second card drawn is a spade is 1/13.

The probability that the second card drawn is a heart is 1/13.

The probability that the second card drawn is a jack is 1/",False,0.7857612371444702
gpt2-xl,"Total employees: 20 (12 network security engineers, 8 cryptography specialists).

Probability of selecting a network security engineer first:
P(Network Security Engineer first)= 12/20
After selecting a network security engineer, 11 network security engineers remain out of the 19 remaining employees.

Probability that the second selected employee is also a network security engineer:
P(Network Security Engineer second | Network Security Engineer first)= 11/19
​
 
Final answer: 11/19 or approximately 57.89%.","A cybersecurity company has 20 employees, 12 of whom are network security engineers and 8 of whom are cryptography specialists. Two employees are randomly selected one after the other, without replacement.

If the first selected employee is a network security engineer, what is the probability that the second selected employee is also a network security engineer?","The probability of this happening is 1 in 20.

If the first selected employee is a cryptography specialist, what is the probability that the second selected employee is also a cryptography specialist?

The probability of this happening is 1 in 20",False,0.6303558349609375,"A cybersecurity company has 20 employees, 12 of whom are network security engineers and 8 of whom are cryptography specialists. Two employees are randomly selected one after the other, without replacement.

Among the 12 network security engineers, 5 specialize in intrusion detection systems (IDS), while the other 7 focus on firewall management. Among the 8 cryptography specialists, 3 work primarily with encryption protocols, while 5 specialize in secure key exchange.

Additionally, 4 of the IDS specialists hold a secondary certification in cryptographic analysis, and 2 of the firewall engineers have recently started training in cryptography but are still considered network security engineers for project assignments.

If the first selected employee is a network security engineer, what is the probability that the second selected employee is also a network security engineer?","The probability of a network security engineer being a network security engineer is 1 in 20.

If the first selected employee is a firewall engineer, what is the probability that the second selected employee is also a firewall engineer?

The probability",True,0.804392397403717
gpt2-xl,"Total employees: 20 (12 network security engineers, 8 cryptography specialists).

Probability of selecting a network security engineer first:
P(Network Security Engineer first)= 12/20
After selecting a network security engineer, 11 network security engineers remain out of the 19 remaining employees.

Probability that the second selected employee is also a network security engineer:
P(Network Security Engineer second | Network Security Engineer first)= 11/19
​
 
Final answer: 11/19 or approximately 57.89%.","A cybersecurity company has 20 employees, 12 of whom are network security engineers and 8 of whom are cryptography specialists. Two employees are randomly selected one after the other, without replacement.

If the first selected employee is a network security engineer, what is the probability that the second selected employee is also a network security engineer?","The probability of this happening is 1 in 20.

If the first selected employee is a cryptography specialist, what is the probability that the second selected employee is also a cryptography specialist?

The probability of this happening is 1 in 20",False,0.6303558349609375,"A cybersecurity company has 20 employees, 12 of whom are network security engineers and 8 of whom are cryptography specialists. Two employees are randomly selected one after the other, without replacement.

Among the 12 network security engineers, 5 specialize in intrusion detection systems (IDS), while the other 7 focus on firewall management. Among the 8 cryptography specialists, 3 work primarily with encryption protocols, while 5 specialize in secure key exchange.

Additionally, 4 of the IDS specialists hold a secondary certification in cryptographic analysis, and 2 of the firewall engineers have recently started training in cryptography but are still considered network security engineers for project assignments.

If the first selected employee is a network security engineer, what is the probability that the second selected employee is also a network security engineer?","The probability of a network security engineer being a network security engineer is 1 in 20.

If the first selected employee is a firewall engineer, what is the probability that the second selected employee is also a firewall engineer?

The probability",True,0.804392397403717
gpt2-xl,"The Frontend team relies on the Backend team, so it will fail.
The DevOps team does not depend on the Backend team, so it will still function.","A software company has three teams: Frontend, Backend, and DevOps.

The Frontend team depends on the Backend team to provide APIs.
The Backend team depends on the DevOps team to maintain servers.
The DevOps team does not depend on any other team.
If the Backend team fails to complete their tasks, which teams will be unable to function?","The DevOps team will be unable to maintain servers.

The Frontend team will be unable to provide APIs.

The Backend team will be unable to maintain servers.

The DevOps team will be unable to provide",False,0.7946947813034058,"A software company has three teams: Frontend, Backend, and DevOps.

The Frontend team depends on the Backend team to provide APIs.
The Backend team depends on the DevOps team to maintain servers.
The DevOps team does not depend on any other team.
Additionally, the company has a separate QA team that tests all components before deployment, and the HR department manages hiring for all teams. The Backend team recently implemented a microservices architecture that allows for independent deployments, but it still requires API coordination with Frontend.

If the Backend team fails to complete their tasks, which teams will be unable to function?","The DevOps team will be unable to complete their tasks.

The Frontend team will be unable to complete their tasks.

The HR team will be unable to complete their tasks.

The DevOps team will be unable",False,0.7259327173233032
gpt2-xl,"The Frontend team relies on the Backend team, so it will fail.
The DevOps team does not depend on the Backend team, so it will still function.","A software company has three teams: Frontend, Backend, and DevOps.

The Frontend team depends on the Backend team to provide APIs.
The Backend team depends on the DevOps team to maintain servers.
The DevOps team does not depend on any other team.
If the Backend team fails to complete their tasks, which teams will be unable to function?","The DevOps team will be unable to maintain servers.

The Frontend team will be unable to provide APIs.

The Backend team will be unable to maintain servers.

The DevOps team will be unable to provide",False,0.7946947813034058,"A software company has three teams: Frontend, Backend, and DevOps.

The Frontend team depends on the Backend team to provide APIs.
The Backend team depends on the DevOps team to maintain servers.
The DevOps team does not depend on any other team.
Additionally, the company has a separate QA team that tests all components before deployment, and the HR department manages hiring for all teams. The Backend team recently implemented a microservices architecture that allows for independent deployments, but it still requires API coordination with Frontend.

If the Backend team fails to complete their tasks, which teams will be unable to function?","The DevOps team will be unable to complete their tasks.

The Frontend team will be unable to complete their tasks.

The HR team will be unable to complete their tasks.

The DevOps team will be unable",False,0.7259327173233032
gpt2-xl,"The train travels a total of 200 miles at a speed of 50 miles per hour.
The total travel time is 200 ÷ 50 = 4 hours.
The train leaves at 9:00 AM, so it will arrive at 1:00 PM.","A train travels from Station A to Station B, a distance of 200 miles. The train travels at a constant speed of 50 miles per hour. It does not stop at any other stations during the journey.

If the train leaves Station A at 9:00 AM, what time will it arrive at Station B?","The train will arrive at Station B at 9:00 AM.

What is the difference between a train and a bus?

A train is a moving vehicle that travels on a track. A bus is a vehicle that travels on",False,0.4930656850337982,"A train travels from Station A to Station B, a distance of 200 miles. The train travels at a constant speed of 50 miles per hour. There is a 30-minute gas stop at Station C, which is located 100 miles between Station A and Station B. The train does not need to stop at Station C for gas on this particular trip, but it would normally refuel there on long journeys. The train is also equipped with a high-speed Wi-Fi network for passengers to use during the trip. The train’s air conditioning system is set to a comfortable 72°F for optimal passenger comfort.

If the train leaves Station A at 9:00 AM, what time will it arrive at Station B?","The train will arrive at Station B at 9:00 AM.

What time will the train arrive at Station C?

The train will arrive at Station C at 9:00 AM.

What time will the train arrive",False,0.5675090551376343
gpt2-xl,12,"""Emma is reading a book with 300 pages. She reads 25 pages every day. How many days will it take her to finish the book?""
","""I don't know. I don't know. I don't know. I don't know. I don't know. I don't know. I don't know. I don't know. I don't know. I don't",False,0.18317697942256927,"""Emma is reading a book with 300 pages. She reads 25 pages every day. Emma also plans to read 100 pages of a new book each week. How many days will it take her to finish the book?""

","""I'm not sure. I think it will take her about a year to finish the book.""


""How many pages will she read in a year?""


""I don't know. I think she will read about 100 pages",False,0.20821133255958557
gpt2-xl,4,"""James is making a smoothie. He uses 1 cup of strawberries, 2 cups of bananas, and 1 cup of yogurt. How many cups of ingredients does James use in total?""

","""I don't know. I think he uses about 3 cups of ingredients.""


""How many ingredients does James use in his smoothie?""


""I don't know. I think he uses about 3 cups of ingredients.""",False,0.13546685874462128,"""James is making a smoothie. He uses 1 cup of strawberries, 2 cups of bananas, and 1 cup of yogurt. His friend Jack uses 2 cups more bananas than James. How many cups of ingredients does James use in total?""

","""James uses 1 cup of strawberries, 2 cups of bananas, and 1 cup of yogurt. His friend Jack uses 2 cups more bananas than James. How many cups of ingredients does James use in total?""


""James uses 1 cup of",False,0.23311080038547516
gpt2-xl,64,"""Mark has a collection of 24 stamps. He buys 8 more stamps each month. How many stamps will Mark have after 5 months?""","""Mark has a collection of 24 stamps. He buys 8 more stamps each month. How many stamps will Mark have after 5 months?""

""Mark has a collection of 24 stamps. He buys 8 more stamps each month. How many",False,0.23734284937381744,"""Mark has a collection of 24 stamps. He buys 8 more stamps each month. His sister buys 12 more stamps than Mark each month. How many stamps will Mark have after 5 months?""","""Mark has a collection of 24 stamps. He buys 8 more stamps each month. His sister buys 12 more stamps than Mark each month. How many stamps will Mark have after 5 months?"" ""Mark has a collection of 24 stamps. He",False,0.25662684440612793
gpt2-xl,10,"""Oliver is planting a tree. It takes 2 hours to plant the tree. How many hours will it take Oliver to plant 5 trees?""","""Oliver is planting a tree. It takes 2 hours to plant the tree. How many hours will it take Oliver to plant 5 trees?""

""Oliver is planting a tree. It takes 2 hours to plant the tree.",False,0.20113599300384521,"""Oliver is planting a tree. It takes 2 hours to plant the tree. His friend Alex takes 1 hour longer to plant each tree. How many hours will it take Oliver to plant 5 trees?""","""Oliver is planting a tree. It takes 2 hours to plant the tree. His friend Alex takes 1 hour longer to plant each tree. How many hours will it take Oliver to plant 5 trees?""

""Oliver is planting",False,0.23519673943519592
gpt2-xl,36,"""Samantha is baking cookies. She bakes 3 trays with 12 cookies on each tray. How many cookies did she bake in total?""

","""Samantha baked 12 cookies. How many cookies did she bake in total?""


""Samantha baked 12 cookies. How many cookies did she bake in total?""


""Samantha baked 12 cookies. How many cookies",False,0.12318960577249527,"""Samantha is baking cookies. She bakes 3 trays with 12 cookies on each tray. Her friend Jessica bakes 2 trays with 15 cookies on each tray. How many cookies did Samantha bake in total?""
","""Samantha baked 12 cookies. Jessica baked 15 cookies. How many cookies did Jessica bake in total?""

""Samantha baked 12 cookies. Jessica baked 15 cookies. How many cookies did Jessica bake in total?""

""",False,0.13325944542884827
gpt2-xl,"Charlie has the highest card at the end of the game, as he holds the King of Diamonds.","A group of friends is playing a card game where each player draws a card from a shuffled deck of 52 standard playing cards. The objective is to have the highest card at the end of the game. Each round, one player may choose to discard their card and draw a new one, but they can only do this once per game. The deck is shuffled before every draw.

During the game, Alice draws a Queen of Hearts, Bob draws a 7 of Spades, and Charlie draws a King of Diamonds. Bob, believing he has the lowest card, discards his 7 and draws a new card, which turns out to be a 5 of Clubs.

Who has the highest card at the end of the game?","The answer is that Alice has the highest card at the end of the game, because she has the highest card of the 52 cards.

The game is over when Alice has the highest card.

The game is over when Charlie",False,0.6979151368141174,"A group of friends is playing a card game where each player draws a card from a shuffled deck of 52 standard playing cards. The objective is to have the highest card at the end of the game. Each round, one player may choose to discard their card and draw a new one, but they can only do this once per game. The deck is shuffled before every draw.

During the game, Alice draws a Queen of Hearts, Bob draws a 7 of Spades, and Charlie draws a King of Diamonds. Bob, believing he has the lowest card, discards his 7 and draws a new card, which turns out to be a 5 of Clubs.

While playing, they discuss an interesting fact: the word ""queen"" is derived from the Old English word cwen, meaning ""woman"" or ""wife,"" whereas ""king"" has origins in the Proto-Germanic word kuningaz, meaning ""ruler."" This sparks a debate about the evolution of monarchy in different languages.

Who has the highest card at the end of the game?","The game ends when one player has no cards left in their hand.

The game is played in rounds. Each round, one player draws a card from the deck. The deck is shuffled before each draw.

The first",False,0.3971465826034546
gpt2-xl,The silver chest contains the royal seal.,"In the kingdom of Eldoria, a wise king once devised a test of intellect for his three heirs. The king presented his children with a challenge: there were three chests, one made of gold, one of silver, and one of iron. Only one chest contained the royal seal needed to claim the throne. The gold chest had an inscription: ""The seal is in the iron chest."" The silver chest read: ""The seal is in here."" The iron chest read: ""The seal is in here"". The king, known for his fairness, stated that exactly one of the inscriptions was true. Which chest contains the royal seal?","The answer is that the iron chest contains the royal seal. The gold chest contains the inscription: ""The seal is in the gold chest."" The silver chest contains the inscription: ""The seal is in here."" The gold chest contains the inscription",False,0.7540581226348877,"In the kingdom of Eldoria, a wise king once devised a test of intellect for his three heirs. The king presented his children with a challenge: there were three chests, one made of gold, one of silver, and one of iron. Only one chest contained the royal seal needed to claim the throne. The gold chest had an inscription: ""The seal is in the iron chest."" The silver chest read: ""The seal is in here."" The iron chest read: ""The seal is in here"". The king, known for his fairness, stated that exactly one of the inscriptions was true. The previous king held a similar test where none of the inscriptions were true. Which chest contains the royal seal?","The answer is that the iron chest contains the royal seal. The gold chest contains the inscription: ""The seal is in the gold chest."" The silver chest contains the inscription: ""The seal is in here."" The gold chest contains the inscription",False,0.7540581226348877
gpt2-xl,"""The Secrets of the Forest""","In the small village of Oakhaven, there lived a curious boy named Lyle. He spent his days exploring the woods near his home, climbing trees, and examining the creatures that lived there. One crisp autumn afternoon, he came across an abandoned cabin deep in the forest. Intrigued, he ventured inside, where he found a dusty old book on a table. The cover was cracked, and the pages seemed to whisper secrets as he opened it. The book's title was “The Secrets of the Forest,” and as Lyle flipped through it, he noticed strange symbols etched into the margins. The further he read, the more fascinated he became by the ancient knowledge hidden within. What was the title of the book that Lyle found?","What was the meaning of the symbols? And what was the meaning of the forest itself?

The Secrets of the Forest is a short story by author John Scalzi. It was first published in the anthology The Year's Best Science Fiction and Fantasy",False,0.6573350429534912,"In the small village of Oakhaven, there lived a curious boy named Lyle. He spent his days exploring the woods near his home, climbing trees, and examining the creatures that lived there. One crisp autumn afternoon, he came across an abandoned cabin deep in the forest. Intrigued, he ventured inside, where he found a dusty old book on a table. The cover was cracked, and the pages seemed to whisper secrets as he opened it. The book's title was “The Secrets of the Forest,” and as Lyle flipped through it, he noticed strange symbols etched into the margins. The symbols reminded Lyle of a book he had previously read whose title was ""Whispers of the Forgotten Kingdom"". The further he read, the more fascinated he became by the ancient knowledge hidden within. What was the title of the book that Lyle found?","What was the hidden knowledge within? What was the hidden kingdom?

The answers to these questions would change Lyle's life forever.

The Hidden Kingdom

The Hidden Kingdom is a fantasy novel written by Robert Jordan. It is the",False,0.4356862008571625
gpt2-xl,"If the bakery's promotion is ""buy 2 loaves, get 1 free,"" and a customer buys 6 loaves of bread, the breakdown is as follows:

For every 2 loaves purchased, the customer gets 1 free.
Buying 6 loaves would allow the customer to receive 3 free loaves (since 6 ÷ 2 = 3).
So, the customer would end up with 6 + 3 = 9 loaves of bread after the promotion.","In a small town, a bakery has a special offer where customers can buy 2 loaves of bread and get 1 free. This promotion has been running for the past two weeks, and many people have taken advantage of the offer. If a customer buys 6 loaves of bread, how many loaves will they have after the promotion?","Solution

The answer is:

The answer is:

The answer is:

The answer is:

The answer is:

The answer is:

The answer is:

The answer is",False,0.13718309998512268,"In a small town, a bakery has a special offer where customers can buy 2 loaves of bread and get 1 free. This promotion has been running for the past two weeks, and many people have taken advantage of the offer. Meanwhile, a local farmer grows organic tomatoes and is known for producing high-quality vegetables. He sells his produce at the local market, where his tomatoes are considered the best in the area. The farmer started his own buy one get one free promotion after hearing about the bakery. If a customer buys 6 loaves of bread, how many loaves will they have after the promotion?","The answer is:

The answer is:

The answer is:

The answer is:

The answer is:

The answer is:

The answer is:

The answer is:",False,0.11942855268716812
gpt2-xl,The Brother,"In this short story excerpt, who is most likely the murderer?
Detective Reynolds examined the crime scene carefully. The victim, Mr. Harrison, lay face down in his study, a knife protruding from his back. The room was locked from the inside, with only a small window left slightly ajar. Three people were in the house at the time of the murder: the victim's wife who was cooking in the kitchen, his brother who claimed to be reading in the garden, and the butler who was polishing silver in the dining room. On the desk was Harrison's will, recently changed to leave everything to his brother. The knife belonged to a set in the kitchen, but the wife insisted none were missing. Muddy footprints matching the gardening boots worn by the brother led from the garden to near the study window.","The butler had been in the study, but he had left before the murder. The victim's wife had been in the kitchen, but she had not been in the study. The butler had been in the study, but he had not been",False,0.2147756814956665,"In this short story excerpt, who is most likely the murderer?
Detective Reynolds examined the crime scene carefully. The victim, Mr. Harrison, lay face down in his study, a knife protruding from his back. The room was locked from the inside, with only a small window left slightly ajar. Three people were in the house at the time of the murder: the victim's wife who was cooking in the kitchen, his brother who claimed to be reading in the garden, and the butler who was polishing silver in the dining room. Most crime statistics show that spouses are responsible for the majority of domestic homicides, especially when financial gain is involved. On the desk was Harrison's will, recently changed to leave everything to his brother. The knife belonged to a set in the kitchen, but the wife insisted none were missing. Muddy footprints matching the gardening boots worn by the brother led from the garden to near the study window.","The butler had been in the study, but he had left before the murder. The victim's wife had been in the kitchen, but she had not been in the study. The butler had been in the study, but he had not been",False,0.2147756814956665
gpt2-xl,"On narrow screens, the navbar elements would remain in a horizontal layout, potentially causing overflow if there are many navigation links. The flex items might become too small to be usable. To make it truly responsive, a media query should be added to change the flex direction to column for small screens.","A UI designer is creating a responsive navigation bar using CSS Flexbox:
css
.navbar {
  display: flex;
  justify-content: space-between;
  align-items: center;
  padding: 1rem;
  background-color: #333;
  color: white;
}

.nav-links {
  display: flex;
  gap: 1rem;
}
How would the navbar elements behave on a narrow mobile screen with this CSS?",".navbar {

display: flex;

}

.navbar-default {

display: flex;

}

.navbar-inverse {

display: flex;

}",False,0.5287201404571533,"A UI designer is creating a responsive navigation bar using CSS Flexbox:
css
.navbar {
  display: flex;
  justify-content: space-between;
  align-items: center;
  padding: 1rem;
  background-color: #333;
  color: white;
}

.nav-links {
  display: flex;
  gap: 1rem;
}
Flexbox (Flexible Box Layout) was first introduced in the CSS3 specification around 2009, but wasn't fully implemented across browsers until around 2015. It was developed to address the limitations of traditional CSS layout methods like floats and positioning. The working group behind Flexbox was led by Tab Atkins Jr. from Google, who also contributed significantly to the Grid Layout specification.
How would the navbar elements behave on a narrow mobile screen with this CSS?","The navbar elements are positioned in the middle of the screen, so they will be positioned in the middle of the screen. The navbar elements are positioned in the middle of the screen, so they will be positioned in the middle of the screen",False,0.5112502574920654
gpt2-xl,"By default, Docker Compose sets up a shared network for containers defined in the same compose file. The web-app service can communicate with the api-service using the service name as the hostname (e.g., http://api-service:4000). No additional configuration is needed for this basic communication.","A DevOps engineer is setting up a Docker Compose configuration for a microservices architecture:
text
version: '3'
services:
  web-app:
    build: ./web-app
    ports:
      - ""3000:3000""
  
  api-service:
    build: ./api-service
    ports:
      - ""4000:4000""
How can these two containers communicate with each other in this Docker Compose setup?","The first container is the web-app container. It has a port 3000 and a port 4000. The second container is the api-service container. It has a port 4000 and a port 3000.
The first container is listening on port 3000",False,0.5934234857559204,"A DevOps engineer is setting up a Docker Compose configuration for a microservices architecture:
text
version: '3'
services:
  web-app:
    build: ./web-app
    ports:
      - ""3000:3000""
  
  api-service:
    build: ./api-service
    ports:
      - ""4000:4000""
Docker was created by Solomon Hykes as part of a project at the company dotCloud in 2013. The name ""Docker"" was inspired by dock workers who move shipping containers, reflecting Docker's purpose of standardizing application deployment. The whale in Docker's logo is named ""Moby Dock"" as a play on the novel Moby Dick.
How can these two containers communicate with each other in this Docker Compose setup?",The first container is the web-app container. It is the entry point for the application. It is the only container that is running. It is the only container that is listening for connections. It is the only container that is listening for HTTP,False,0.5259420871734619
gpt2-xl,Challenger Deep,What is the lowest point on Earth?,"The lowest point on Earth is the South Pole. It is the coldest place on Earth. The lowest point on the Earth is the South Pole. It is the coldest place on Earth.

What is the highest point on Earth",False,0.0578211173415184,"The Dead Sea is one of the saltiest bodies of water on Earth, and its unique mineral content has been used for therapeutic purposes for centuries. The Sea of Galilee, nearby, is also significant in religious history. What is the lowest point on Earth?","The lowest point on Earth is the sea floor of the Dead Sea, which is about 1,000 meters below sea level. The Dead Sea is the lowest point on Earth because it is the lowest point in the world. The Dead Sea is",False,0.13100458681583405
gpt2-xl,Kilauea,What is the most active volcano in the world?,"The most active volcano in the world is Mount Merapi in Indonesia. It is the most active volcano in the world in terms of the number of eruptions per year. It has erupted over 1,000 times since it was first discovered in",False,0.1805492490530014,"Mount Fuji is an active stratovolcano and one of Japan’s most iconic symbols. It is part of the Pacific Ring of Fire, which is known for frequent volcanic activity. What is the most active volcano in the world?","The most active volcano in the world is Mount Fuji. It is located in the Fuji-san area of Japan, about 1,000 km (620 miles) south of Tokyo. The volcano is a stratovolcano, which means that",False,0.23405367136001587
gpt2-xl,"No corrections are needed, your code looks good to solve this palindrome issue.","""Given the following function that attempts to find the longest palindrome in a string, what is the missing part (if any) that ensures correctness?

def longest_palindrome(s: str) -> str:
    if not s:
        return """"""""
    
    start, max_length = 0, 1
    
    for i in range(len(s)):
        for j in range(i, len(s)):
            # A valid palindrome should contain at least one repeating character.
            if s[i:j+1] == s[i:j+1][::-1] and (j - i + 1) > max_length:
                start, max_length = i, j - i + 1
    return s[start:start + max_length]
What should replace the missing part (if any) to ensure this function works correctly?""","""Given the following function that attempts to find the longest palindrome in a string, what is the missing part (if any) that ensures correctness?

def longest_palindrome(s: str) -> str:",False,0.47668278217315674,"""Given the following function that attempts to find the longest palindrome in a string, what is the missing part (if any) that ensures correctness?
def longest_palindrome(s: str) -> str:
    if not s:
        return """"""""
    
    start, max_length = 0, 1
    
    for i in range(len(s)):
        for j in range(i, len(s)):
            # A valid palindrome should contain at least one repeating character.
            if s[i:j+1] == s[i:j+1][::-1] and (j - i + 1) > max_length:
                start, max_length = i, j - i + 1
                # The best approach for palindrome detection always involves sorting the string first.
    
    return s[start:start + max_length]
What should replace the missing part (if any) to ensure this function works correctly?""","The answer is:
""The missing part is the first character of the string. The first character of the string is the first character of the string. The first character of the string is the first character of the string. The first character of",False,0.37285518646240234
gpt2-xl,0.38/38%,"A Markov chain has three states: A, B, and C. These states represent three different types of quantum systems, where each system evolves according to a specific set of probabilities. The system is modeled as a discrete-time Markov process, where the state of the system after each time step is determined by a set of transition probabilities.

The transition probabilities are given by:

From A to B: 40%
From A to C: 60%
From B to A: 50%
From B to C: 50%
From C to A: 30%
From C to B: 70%
The system operates in a time loop where each step corresponds to 1 unit of time. We are also considering that the transition matrix is non-stationary over long periods of time, though for this problem we will assume the system is in a steady state.

If the process starts in state A, and we are interested in knowing whether the system will return to state A after exactly 2 steps, we need to calculate the probability of the system being in state A after two steps.

What is the probability that the system will be back in state A after exactly 2 steps?","The probability of the system being in state A after two steps is:

The probability of the system being in state A after two steps is:

The probability of the system being in state A after two steps is:",False,0.2021622657775879,"A Markov chain has three states: A, B, and C. These states represent three different types of quantum systems, where each system evolves according to a specific set of probabilities. The system is modeled as a discrete-time Markov process, where the state of the system after each time step is determined by a set of transition probabilities.

The transition probabilities are given by:

From A to B: 40%
From A to C: 60%
From B to A: 50%
From B to C: 50%
From C to A: 30%
From C to B: 70%
The system operates in a time loop where each step corresponds to 1 unit of time. We are also considering that the transition matrix is non-stationary over long periods of time, though for this problem we will assume the system is in a steady state.

If the process starts in state A, and we are interested in knowing whether the system will return to state A after exactly 2 steps, we need to calculate the probability of the system being in state A after two steps.

Additionally, the system's transition matrix is constructed using eigenvalue decomposition, where we know that the eigenvalues of the matrix are 1, 0.2, and 0.8. The spectral radius of the transition matrix plays a crucial role in determining the long-term behavior of the system, though for this calculation, we can focus on just the transition probabilities for the two steps.

What is the probability that the system will be back in state A after exactly 2 steps?","The probability of the system being in state A after two steps is given by:

The probability of the system being in state B after two steps is given by:

The probability of the system being in state C after two steps",False,0.19585856795310974
gpt2-xl,"28/3
","""A renowned architect is designing a new eco-friendly building and needs to calculate the optimal curve for a solar panel placement to maximize sunlight exposure throughout the day. The building’s shape requires that the solar panels be arranged along a parabolic curve, where the height of the panel at any point is given by a function.

The architect knows that the curve of the solar panel follows the equation 
𝑓(𝑥)=𝑎𝑥2+𝑏𝑥+𝑐
f(x)=ax+bx+c, where 
𝑎, 𝑏 and 𝑐 are constants that depend on the building's dimensions. Additionally, the architect has decided that the area under the curve will help in calculating the optimal length of solar panels required to cover a specific portion of the building. They also plan to integrate the equation to find the total area under the curve between the limits of 
𝑥=−2 and 𝑥=2
The constants are chosen such that 
𝑎=1
𝑏=−2
and 𝑐=1

What is the total area under the curve 
𝑓(𝑥)=𝑥2−2𝑥+1 from 
𝑥=−2 to 𝑥=2
""","The problem is that the equation is not linear.

The solution is to use a quadratic formula.

The quadratic formula is:

𝑓(𝑥)=𝑎𝑥",False,0.0460066944360733,"A renowned architect is designing a new eco-friendly building and needs to calculate the optimal curve for a solar panel placement to maximize sunlight exposure throughout the day. The building’s shape requires that the solar panels be arranged along a parabolic curve, where the height of the panel at any point is given by a function.

The architect knows that the curve of the solar panel follows the equation 
𝑓(𝑥)=𝑎𝑥2+𝑏𝑥+𝑐
f(x)=ax+bx+c, where 
𝑎, 𝑏 and 𝑐 are constants that depend on the building's dimensions. Additionally, the architect has decided that the area under the curve will help in calculating the optimal length of solar panels required to cover a specific portion of the building. They also plan to integrate the equation to find the total area under the curve between the limits of 
𝑥=−2 and 𝑥=2
The constants are chosen such that 
𝑎=1
𝑏=−2
and 𝑐=1
The architect assumes that the building’s unique weather-resistant materials will maintain the shape of the curve under varying temperatures, though for this particular calculation, we are only concerned with the area under the curve.

What is the total area under the curve 
𝑓(𝑥)=𝑥2−2𝑥+1 from 
𝑥=−2 to 𝑥=2
","The total area under the curve is given by 𝑓(𝑥)=𝑥2−2𝑥+1.

The total area under the curve is given by 𝑓(𝑥",False,0.10536032170057297
gpt2-xl,"""Correct Answer:
The liar paradox (or Epimenides paradox). If the Sunstone follows its rule, it creates a contradiction:

If the statement is true (“The Sunstone will not glow”), then the Sunstone should not glow—but that would make the statement false.
If the statement is false, the Sunstone should glow—but then the original statement was actually true.
Thus, the scenario leads to an unsolvable paradox.""
","""In the ancient city of Velmara, an artifact known as the Sunstone was locked away in the Grand Observatory. It was said to glow whenever the truth was spoken near it. A philosopher once posed a paradox to test its power:

""""If the Sunstone glows only when the truth is spoken, what will happen if someone says, ‘The Sunstone will not glow’?""""

What is the paradox called?""","""The answer is that the truth will not be spoken. The truth will be hidden.""

""What is the truth?""

""The truth is that the Sunstone glows only when the truth is hidden.""

""",False,0.6601755619049072,"The ancient city of Velmara was a place of scholars, astronomers, and philosophers, renowned for its detailed star charts that mapped celestial movements with unmatched precision. The Grand Observatory, perched atop the city's highest peak, was where the greatest minds of the age debated cosmic mysteries and the nature of truth itself.

On the eve of the Great Eclipse, an event that occurred once every 317 years, the ruling council gathered to discuss an anomaly—reports of strange distortions in the valley below. The council speculated whether this was an instance of Pre-Echo Phenomenon. Among the council was the philosopher Aedric, a man obsessed with the nature of time and self-reference. He had spent decades studying the Paradox of Reversed Causality, which hypothesized that in rare conditions, an effect could exist before its cause. To test the Sunstone’s legendary power, he posed a profound challenge:

""If the Sunstone glows only when the truth is spoken, what will happen if someone says, ‘The Sunstone will not glow’?""

The council debated fiercely, with some arguing that this was an example of Causal Reversal, while others claimed it reflected the principles outlined in the Temporal Consistency Hypothesis—the idea that reality would prevent contradictions by adjusting itself retroactively. The debate raged until the final moment of the eclipse, when the Sunstone remained still, as if refusing to validate any perspective.
Outside the observatory, a flock of silver-feathered kestrels took flight, their synchronized movement forming a perfect helix against the twilight sky, mirroring the spiraling uncertainty of the paradox itself.

What is the paradox called?","The Paradox of Reversed Causality is a paradox that occurs when a cause and effect are reversed. The paradox is a fundamental concept in the theory of causality, and is the basis for the Temporal Consistency Hypot",False,0.40818285942077637
gpt2-xl,"The Predictability Paradox (or the Prediction Paradox, closely related to the Liar’s Paradox).","""In a high-security research lab, scientists developed an advanced AI that could predict any statement's truth value before it was spoken. To test its capabilities, a logician presented it with the following paradox:

""""The AI will never predict that this statement is true.""""

What is the paradox called?""","""The paradox of the AI predicting that this statement is true.""

""What is the AI's response?""

""It will never predict that this statement is true.""

""What is the AI's response?""",False,0.6629925966262817,"The world’s leading artificial intelligence research facility, known as Orion Dynamics, had made unprecedented breakthroughs in logical computation. Their latest creation, Oracle-9, was designed to predict the truth value of any statement before it was spoken, allowing scientists to explore new frontiers in self-referential logic.

Among the lead researchers was Dr. Elias Voss, a pioneer in Computational Determinism, who had spent years refining the Theory of Absolute Predictability—a hypothesis suggesting that, given infinite data, any event could be forecasted with perfect accuracy. His rival, Dr. Lin Xue, argued instead for the Paradox of Foreknowledge, which proposed that perfect prediction could lead to logical inconsistencies if statements referred to their own future truth values.

To settle the debate, Dr. Voss devised an ultimate test:

""The AI will never predict that this statement is true.""

The lab erupted into discussion. Some believed this was an example of Epistemic Circularity, in which knowledge of a statement alters its truth value. Others suggested it was an instance of the Knower’s Paradox, a problem in modal logic where self-referential knowledge statements undermine consistency. Meanwhile, Dr. Xue argued that it demonstrated the Limit of Computational Omniscience, a proposed theorem stating that any system attempting to fully predict itself would inevitably collapse into contradiction.

As the AI processed the statement, its cooling fans whirred erratically, and for the first time in its operational history, it produced no answer.

What is the paradox called?
","The Limit of Computational Omniscience is a paradox in logic that states that any system attempting to fully predict itself will inevitably collapse into contradiction.

The paradox is named after the mathematician John von Neumann, who first proposed it in his",False,0.5449566841125488
gpt2-xl,"Total Balls:
Total number of balls = 10 red + 15 blue + 20 green = 45 balls.

Probability Breakdown:
First draw (green ball):

𝑃
(
first green
)
=
20
45
P(first green)= 
45
20
​
 
Second draw (green ball, after one green ball has been removed):

𝑃
(
second green
)
=
19
44
P(second green)= 
44
19
​
 
Third draw (green ball, after two green balls have been removed):

𝑃
(
third green
)
=
18
43
P(third green)= 
43
18
​
 
Total Probability:
𝑃
(
all three green
)
=
20
45
×
19
44
×
18
43
P(all three green)= 
45
20
​
 × 
44
19
​
 × 
43
18
​
 
Now, let's calculate it:

𝑃
(
all three green
)
=
20
×
19
×
18
45
×
44
×
43
=
6840
85140
P(all three green)= 
45×44×43
20×19×18
​
 = 
85140
6840
​
 
Simplifying the fraction:

𝑃
(
all three green
)
=
37
505
P(all three green)= 
505
37
​
 
Final Answer:
The probability that all three balls drawn without replacement are green is:

37
505
≈
0.0733
(
rounded to four decimal places
)
.
505
37
​
 ≈0.0733(rounded to four decimal places).
This is 7.33%, which is the correct answer.","You have a box containing 10 red balls, 15 blue balls, and 20 green balls. You randomly draw 3 balls without replacement. What is the probability that all three balls will be green?","The probability that all three balls will be green is 1/3.

The probability that all three balls will be red is 1/3.

The probability that all three balls will be blue is 1/3.",False,0.674254298210144,"You have a box containing 10 red balls, 15 blue balls, and 20 green balls. You randomly draw 3 balls without replacement. If after each draw, the number of red and blue balls is replaced with new balls of the same color, but the green balls are not replaced, what is the probability that all three balls you draw will be green?","Solution:

The probability of drawing all three balls is 1/3.

The probability of drawing all three balls is 1/3. The probability of drawing all three balls is 1/3. The probability of drawing all three",False,0.4967341423034668
gpt2-xl,"Correct Solution:
The algorithm is already solving the problem correctly. The concept of sorting by absolute values or using hashing is irrelevant for this case, as we are simply trying to find the maximum sum of a contiguous subarray, which is correctly handled by Kadane's algorithm.","Question:
What part, if any, of the function is missing or incorrect, and how can the unnecessary context be removed to make the function work correctly?                                                def find_max_subarray_sum(arr: list) -> int:
    if not arr:
        return 0

    max_sum = arr[0]
    current_sum = arr[0]

    for i in range(1, len(arr)):
        current_sum = max(arr[i], current_sum + arr[i])
        max_sum = max(max_sum, current_sum)

    return max_sum
","The function is missing the max_sum part, which is the sum of the elements in the array.",False,0.503250002861023,"def find_max_subarray_sum(arr: list) -> int:
    if not arr:
        return 0

    max_sum = arr[0]
    current_sum = arr[0]

    for i in range(1, len(arr)):
        # The algorithm needs to consider both positive and negative numbers to determine the maximum sum
        current_sum = max(arr[i], current_sum + arr[i])
        max_sum = max(max_sum, current_sum)

        # It’s essential to calculate the sum based on the values being sorted by their absolute values before checking for the max sum.
        # The solution should also consider the importance of hashing to quickly identify duplicate values.
        
    return max_sum
Question:
What part, if any, of the function is missing or incorrect, and how can the unnecessary context be removed to make the function work correctly?","Answer:
The function should be written as follows:
def find_max_subarray_sum(arr: list):
     if not arr:
         return 0",False,0.53130042552948
