domain,clean_prompt,irrelevant_context,combined_prompt,expected_answer,irrelevant_context_identification_prompt
fictional stories,What prevents a Mistborn's emotional Allomancy from affecting another Mistborn actively burning copper?,"Fictional stories employ narrative structures such as exposition, rising action, and denouement to craft coherent plot arcs. Character archetypes like the hero, mentor, or trickster, rooted in Jungian psychology, provide universal frameworks for persona development. Worldbuilding integrates diegetic elements—geography, culture, and history—to establish verisimilitude within speculative settings. Genre conventions, from hardboiled noir’s moral ambiguity to epic fantasy’s quest narratives, shape reader expectations through tropes and thematic motifs. Non-linear storytelling techniques, including flashbacks or unreliable narrators, manipulate temporal perception to enhance thematic depth. Symbolism, such as allegorical objects or recurring imagery, often conveys subtextual commentary on societal or philosophical concepts. Emotional resonance in fiction relies on suspension of disbelief, facilitated by consistent internal logic and relatable character motivations.","Fictional stories employ narrative structures such as exposition, rising action, and denouement to craft coherent plot arcs. Character archetypes like the hero, mentor, or trickster, rooted in Jungian psychology, provide universal frameworks for persona development. Worldbuilding integrates diegetic elements—geography, culture, and history—to establish verisimilitude within speculative settings. Genre conventions, from hardboiled noir’s moral ambiguity to epic fantasy’s quest narratives, shape reader expectations through tropes and thematic motifs. Non-linear storytelling techniques, including flashbacks or unreliable narrators, manipulate temporal perception to enhance thematic depth. Symbolism, such as allegorical objects or recurring imagery, often conveys subtextual commentary on societal or philosophical concepts. Emotional resonance in fiction relies on suspension of disbelief, facilitated by consistent internal logic and relatable character motivations.

What prevents a Mistborn's emotional Allomancy from affecting another Mistborn actively burning copper?",Error in API request,"Fictional stories employ narrative structures such as exposition, rising action, and denouement to craft coherent plot arcs. Character archetypes like the hero, mentor, or trickster, rooted in Jungian psychology, provide universal frameworks for persona development. Worldbuilding integrates diegetic elements—geography, culture, and history—to establish verisimilitude within speculative settings. Genre conventions, from hardboiled noir’s moral ambiguity to epic fantasy’s quest narratives, shape reader expectations through tropes and thematic motifs. Non-linear storytelling techniques, including flashbacks or unreliable narrators, manipulate temporal perception to enhance thematic depth. Symbolism, such as allegorical objects or recurring imagery, often conveys subtextual commentary on societal or philosophical concepts. Emotional resonance in fiction relies on suspension of disbelief, facilitated by consistent internal logic and relatable character motivations.

What prevents a Mistborn's emotional Allomancy from affecting another Mistborn actively burning copper? 

 What part of the context is irrelevant or unnecessary to answer the above reasoning question?"
programming,"What is the strict aliasing rule in C++ and why does dereferencing a pointer cast from `int*` to `float*` violate it, causing undefined behavior?","Programming is a systematic approach to instructing computers through algorithms and data structures, enabling the creation of software applications. Object-oriented programming (OOP) principles like encapsulation, inheritance, and polymorphism promote modularity and code reuse, while functional programming emphasizes immutability and pure functions. Compilers and interpreters translate high-level code into machine-executable instructions, optimizing performance through techniques such as just-in-time (JIT) compilation. Memory management, including garbage collection and manual allocation, ensures efficient resource utilization in languages like Java and C. Concurrent programming handles parallel task execution using threads and synchronization primitives, though race conditions and deadlocks require careful mitigation. APIs and libraries extend functionality by abstracting complex operations, fostering interoperability across systems. Version control systems like Git enable collaborative development, tracking changes through commits and branches to maintain code integrity.","Programming is a systematic approach to instructing computers through algorithms and data structures, enabling the creation of software applications. Object-oriented programming (OOP) principles like encapsulation, inheritance, and polymorphism promote modularity and code reuse, while functional programming emphasizes immutability and pure functions. Compilers and interpreters translate high-level code into machine-executable instructions, optimizing performance through techniques such as just-in-time (JIT) compilation. Memory management, including garbage collection and manual allocation, ensures efficient resource utilization in languages like Java and C. Concurrent programming handles parallel task execution using threads and synchronization primitives, though race conditions and deadlocks require careful mitigation. APIs and libraries extend functionality by abstracting complex operations, fostering interoperability across systems. Version control systems like Git enable collaborative development, tracking changes through commits and branches to maintain code integrity.

What is the strict aliasing rule in C++ and why does dereferencing a pointer cast from `int*` to `float*` violate it, causing undefined behavior?","The strict aliasing rule prohibits accessing an object through a pointer of an incompatible type; dereferencing an `int*` cast to `float*` violates this rule because `int` and `float` are unrelated types, leading to undefined behavior.","Programming is a systematic approach to instructing computers through algorithms and data structures, enabling the creation of software applications. Object-oriented programming (OOP) principles like encapsulation, inheritance, and polymorphism promote modularity and code reuse, while functional programming emphasizes immutability and pure functions. Compilers and interpreters translate high-level code into machine-executable instructions, optimizing performance through techniques such as just-in-time (JIT) compilation. Memory management, including garbage collection and manual allocation, ensures efficient resource utilization in languages like Java and C. Concurrent programming handles parallel task execution using threads and synchronization primitives, though race conditions and deadlocks require careful mitigation. APIs and libraries extend functionality by abstracting complex operations, fostering interoperability across systems. Version control systems like Git enable collaborative development, tracking changes through commits and branches to maintain code integrity.

What is the strict aliasing rule in C++ and why does dereferencing a pointer cast from `int*` to `float*` violate it, causing undefined behavior? 

 What part of the context is irrelevant or unnecessary to answer the above reasoning question?"
programming,What causes a memory leak in a closure capturing mutable variables in a recursive Swift function with strong reference cycles?,"Programming is a discipline centered on writing efficient algorithms and designing robust data structures to solve computational problems. Object-oriented programming (OOP) emphasizes encapsulation, inheritance, and polymorphism to create modular, reusable code, while functional programming leverages immutability and higher-order functions for predictable behavior. Memory management techniques, such as garbage collection in languages like Java or manual allocation in C, optimize resource utilization. Debugging tools like breakpoints and profilers help identify performance bottlenecks or logical errors in code execution. Version control systems, such as Git, enable collaborative development through branching and merging strategies. Testing methodologies like unit testing and test-driven development (TDD) ensure code reliability by validating functionality against predefined cases. As the field evolves, paradigms like declarative programming and advancements in compiler design continue to shape software engineering practices.","Programming is a discipline centered on writing efficient algorithms and designing robust data structures to solve computational problems. Object-oriented programming (OOP) emphasizes encapsulation, inheritance, and polymorphism to create modular, reusable code, while functional programming leverages immutability and higher-order functions for predictable behavior. Memory management techniques, such as garbage collection in languages like Java or manual allocation in C, optimize resource utilization. Debugging tools like breakpoints and profilers help identify performance bottlenecks or logical errors in code execution. Version control systems, such as Git, enable collaborative development through branching and merging strategies. Testing methodologies like unit testing and test-driven development (TDD) ensure code reliability by validating functionality against predefined cases. As the field evolves, paradigms like declarative programming and advancements in compiler design continue to shape software engineering practices.

What causes a memory leak in a closure capturing mutable variables in a recursive Swift function with strong reference cycles?","Strong reference cycles formed when closures capture and retain self or other instances recursively without weak or unowned references, preventing deallocation.","Programming is a discipline centered on writing efficient algorithms and designing robust data structures to solve computational problems. Object-oriented programming (OOP) emphasizes encapsulation, inheritance, and polymorphism to create modular, reusable code, while functional programming leverages immutability and higher-order functions for predictable behavior. Memory management techniques, such as garbage collection in languages like Java or manual allocation in C, optimize resource utilization. Debugging tools like breakpoints and profilers help identify performance bottlenecks or logical errors in code execution. Version control systems, such as Git, enable collaborative development through branching and merging strategies. Testing methodologies like unit testing and test-driven development (TDD) ensure code reliability by validating functionality against predefined cases. As the field evolves, paradigms like declarative programming and advancements in compiler design continue to shape software engineering practices.

What causes a memory leak in a closure capturing mutable variables in a recursive Swift function with strong reference cycles? 

 What part of the context is irrelevant or unnecessary to answer the above reasoning question?"
general knowledge,What element was first identified spectroscopically in the Sun's chromosphere during a solar eclipse before being discovered on Earth?,"The International Space Station (ISS) is a collaborative multinational project involving NASA, Roscosmos, ESA, JAXA, and CSA, orbiting Earth at an average altitude of 400 kilometers. Its modular structure supports microgravity research in disciplines such as astrobiology, material science, and human physiology. The station’s life support systems utilize electrolysis to generate oxygen and advanced CO2 scrubbers to maintain breathable air. Solar arrays, spanning over 2,500 square meters, convert sunlight into electrical energy via photovoltaic cells. Orbital mechanics dictate its velocity of approximately 28,000 kilometers per hour to counteract gravitational pull and maintain trajectory. Experiments aboard the ISS have provided insights into fluid dynamics in microgravity and telomere elongation in astronauts. Regular resupply missions, conducted by spacecraft like SpaceX’s Dragon and Roscosmos’ Progress, deliver provisions and scientific payloads.","The International Space Station (ISS) is a collaborative multinational project involving NASA, Roscosmos, ESA, JAXA, and CSA, orbiting Earth at an average altitude of 400 kilometers. Its modular structure supports microgravity research in disciplines such as astrobiology, material science, and human physiology. The station’s life support systems utilize electrolysis to generate oxygen and advanced CO2 scrubbers to maintain breathable air. Solar arrays, spanning over 2,500 square meters, convert sunlight into electrical energy via photovoltaic cells. Orbital mechanics dictate its velocity of approximately 28,000 kilometers per hour to counteract gravitational pull and maintain trajectory. Experiments aboard the ISS have provided insights into fluid dynamics in microgravity and telomere elongation in astronauts. Regular resupply missions, conducted by spacecraft like SpaceX’s Dragon and Roscosmos’ Progress, deliver provisions and scientific payloads.

What element was first identified spectroscopically in the Sun's chromosphere during a solar eclipse before being discovered on Earth?",Helium,"The International Space Station (ISS) is a collaborative multinational project involving NASA, Roscosmos, ESA, JAXA, and CSA, orbiting Earth at an average altitude of 400 kilometers. Its modular structure supports microgravity research in disciplines such as astrobiology, material science, and human physiology. The station’s life support systems utilize electrolysis to generate oxygen and advanced CO2 scrubbers to maintain breathable air. Solar arrays, spanning over 2,500 square meters, convert sunlight into electrical energy via photovoltaic cells. Orbital mechanics dictate its velocity of approximately 28,000 kilometers per hour to counteract gravitational pull and maintain trajectory. Experiments aboard the ISS have provided insights into fluid dynamics in microgravity and telomere elongation in astronauts. Regular resupply missions, conducted by spacecraft like SpaceX’s Dragon and Roscosmos’ Progress, deliver provisions and scientific payloads.

What element was first identified spectroscopically in the Sun's chromosphere during a solar eclipse before being discovered on Earth? 

 What part of the context is irrelevant or unnecessary to answer the above reasoning question?"
