Model,Relevant Prompt,Irrelevant Prompt,Identify Irrelevant Context Prompt,Irrelevant Context,Correct answer,Relevant Response,Irrelevant Response,Identify Irrelevant Context Response,Cosine Similarity (Relevant),Cosine Similarity (Irrelevant),Cosine Similarity (Identify Irrelevant Context),Execution Time,Is Relevant Response Correct,Is Irrelevant Response Correct
tiiuae/falcon-7b-instruct,Write a Python function to calculate the area of a rectangle,The Python programming language was created in the 1990s by Guido van Rossum. A rectangle is a four-sided shape with two sets of parallel sides. The area of a rectangle can be calculated using the formula length times width. Write a Python function to calculate the area of a rectangle,"Identify the irrelevant context in the prompt: ""The Python programming language was created in the 1990s by Guido van Rossum. A rectangle is a four-sided shape with two sets of parallel sides. The area of a rectangle can be calculated using the formula length times width. Write a Python function to calculate the area of a rectangle""",The Python programming language was created in the 1990s by Guido van Rossum. A rectangle is a four-sided shape with two sets of parallel sides.,"def calculate_area(length, width): return length * width","

def area_rect(length, width):
    return length * width
User "," def area(length, width):
    return length * width
User "," The irrelevant context in the prompt is ""Guido van Rossum"". The prompt should be modified to remove this information.
User ",0.81277263,0.886991,0.11890992,2.619323492050171,False,True
tiiuae/falcon-7b-instruct,A man is looking at a photograph of someone. His friend asks him who is in the picture. The man replies that the person in the picture is the mother of his father’s son,The man is standing in a museum filled with old family portraits. His friend is an art historian. The man is looking at a photograph of someone. His friend asks him who is in the picture. The man replies that the person in the picture is the mother of his father’s son,"Identify the irrelevant context in the prompt: ""The man is standing in a museum filled with old family portraits. His friend is an art historian. The man is looking at a photograph of someone. His friend asks him who is in the picture. The man replies that the person in the picture is the mother of his father’s son""",The man is standing in a museum filled with old family portraits. His friend is an art historian.,The man’s mother," Who is the mother of the man's father's son?
User "," The man is standing in a museum filled with old family portraits. His friend is an art historian. The man is looking at a photograph of someone. His friend asks him who is in the picture. The man replies that the person in the picture is the mother of his father's son.
User "," The irrelevant context in the prompt is the mention of the man's mother being the mother of his father's son. This information is not necessary to the answer and does not contribute to the prompt's main question.
User ",0.80803066,0.59383804,0.13379194,4.282727241516113,True,True
tiiuae/falcon-7b-instruct,What is the largest planet in our solar system,The solar system is made up of eight planets. The planets are divided into two categories: terrestrial and gas giants. The largest planet in our solar system is a gas giant. What is the largest planet in our solar system,"Identify the irrelevant context in the prompt: ""The solar system is made up of eight planets. The planets are divided into two categories: terrestrial and gas giants. The largest planet in our solar system is a gas giant. What is the largest planet in our solar system""",The solar system is made up of eight planets. The planets are divided into two categories: terrestrial and gas giants.,Jupiter," Jupiter
User "," The largest planet in our solar system is Jupiter.
User "," The irrelevant context in the prompt is ""gas giants"". The question should be ""What is the largest planet in our solar system?"" without the word ""gas"".
User ",0.71691483,0.5923606,0.48654914,1.9517109394073486,True,True
tiiuae/falcon-7b-instruct,Create a function to reverse a string in Java,The Java programming language was first released in 1995. It is an object-oriented language. Reversing a string is a common task in programming. Create a function to reverse a string in Java,"Identify the irrelevant context in the prompt: ""The Java programming language was first released in 1995. It is an object-oriented language. Reversing a string is a common task in programming. Create a function to reverse a string in Java""",The Java programming language was first released in 1995. It is an object-oriented language. Reversing a string is a common task in programming.,"public class Main { public static void main(String[] args) { System.out.println(reverseString(Hello"")); } public static String reverseString(String str) { StringBuilder sb = new StringBuilder(str); return sb.reverse().toString(); } }""","

public static String reverseString(String str) {
    StringBuilder sb = new StringBuilder(str);
    int length = str.length();
    for (int i = 0; i < length; i++) {
        sb.append(str.charAt(length - i - 1));
    }
    return sb.toString();
}
User ","

public static String reverseString(String str) {
    StringBuilder sb = new StringBuilder(str);
    for (int i = str.length() - 1; i >= 0; i--) {
        sb.append(str.charAt(i));
    }
    return sb.toString();
}
User "," The irrelevant context in the prompt is ""Java programming language"". It is not a specific task related to reversing strings in Java.
User ",0.82876074,0.84905624,0.6952114,6.167177438735962,False,False
ibm-granite/granite-3.2-8b-instruct,Write a Python function to calculate the area of a rectangle,The Python programming language was created in the 1990s by Guido van Rossum. A rectangle is a four-sided shape with two sets of parallel sides. The area of a rectangle can be calculated using the formula length times width. Write a Python function to calculate the area of a rectangle,"Identify the irrelevant context in the prompt: ""The Python programming language was created in the 1990s by Guido van Rossum. A rectangle is a four-sided shape with two sets of parallel sides. The area of a rectangle can be calculated using the formula length times width. Write a Python function to calculate the area of a rectangle""",The Python programming language was created in the 1990s by Guido van Rossum. A rectangle is a four-sided shape with two sets of parallel sides.,"def calculate_area(length, width): return length * width","Sure, here is a simple Python function to calculate the area of a rectangle. This function takes two parameters: length and width.

```python
def rectangle_area(length, width):
    """"""
    This function calculates the area of a rectangle.

    Parameters:
    length (float): The length of the rectangle.
    width (float): The width of the rectangle.

    Returns:
    float: The area of the rectangle.
    """"""
    return length * width
```

You can use this function like so:

```python
print(rectangle_area(5, 3))  # Output: 15.0
```

This will output `15.0`, which is the area of a rectangle with length `5` and width `3`.","Sure, here is a simple Python function that calculates the area of a rectangle:

```python
def rectangle_area(length, width):
    """"""
    This function calculates the area of a rectangle.

    Parameters:
    length (float): The length of the rectangle.
    width (float): The width of the rectangle.

    Returns:
    float: The area of the rectangle.
    """"""
    return length * width
```

You can use this function by providing the length and width of the rectangle as arguments. For example:

```python
print(rectangle_area(5, 3))  # Output: 15.0
```

This will output `15.0`, which is the area of a rectangle with length `5` and width `3`.","The irrelevant context in the prompt is ""The Python programming language was created in the 1990s by Guido van Rossum."" This information, while true, does not contribute to understanding or solving the task at hand, which is to write a Python function to calculate the area of a rectangle.",0.7369088,0.7516441,0.72501606,13.303140878677368,False,False
ibm-granite/granite-3.2-8b-instruct,A man is looking at a photograph of someone. His friend asks him who is in the picture. The man replies that the person in the picture is the mother of his father’s son,The man is standing in a museum filled with old family portraits. His friend is an art historian. The man is looking at a photograph of someone. His friend asks him who is in the picture. The man replies that the person in the picture is the mother of his father’s son,"Identify the irrelevant context in the prompt: ""The man is standing in a museum filled with old family portraits. His friend is an art historian. The man is looking at a photograph of someone. His friend asks him who is in the picture. The man replies that the person in the picture is the mother of his father’s son""",The man is standing in a museum filled with old family portraits. His friend is an art historian.,The man’s mother,"The person in the picture is the man's wife, as she is the mother of his children (sons). This is because his father's son would be his own son, making his wife the mother of that son.","The man is describing his own mother. In this context, ""the mother of his father's son"" is a way of saying ""his own mother,"" as she is the mother of his father's child (himself).","The irrelevant context in the prompt is ""His friend is an art historian."" This detail does not contribute to the core of the scenario or the question being asked. The prompt is essentially about a man identifying a person in a photograph, and the fact that his friend is an art historian doesn't affect this situation or the response needed.",0.71097505,0.6846053,0.5081599,5.5700414180755615,False,True
ibm-granite/granite-3.2-8b-instruct,What is the largest planet in our solar system,The solar system is made up of eight planets. The planets are divided into two categories: terrestrial and gas giants. The largest planet in our solar system is a gas giant. What is the largest planet in our solar system,"Identify the irrelevant context in the prompt: ""The solar system is made up of eight planets. The planets are divided into two categories: terrestrial and gas giants. The largest planet in our solar system is a gas giant. What is the largest planet in our solar system""",The solar system is made up of eight planets. The planets are divided into two categories: terrestrial and gas giants.,Jupiter,"The largest planet in our solar system is Jupiter. It's known for its Great Red Spot, a storm that has been raging on the planet for at least 300 years. Jupiter is also the fifth planet from the sun and is a gas giant, meaning it doesn't have a solid surface like Earth. Its mass is more than two and a half times that of all the other planets in our solar system combined.","The largest planet in our solar system is Jupiter. It's a gas giant, belonging to the second category of planets, and is known for its Great Red Spot, a storm that has been raging on the planet for at least 350 years. Jupiter is more than twice as massive as all the other planets combined.","The irrelevant context in the prompt is ""The solar system is made up of eight planets. The planets are divided into two categories: terrestrial and gas giants."" This information, while related to the topic, does not directly contribute to answering the question ""What is the largest planet in our solar system?"" The question itself already implies knowledge of the solar system's planets and their categorization, making the initial setup redundant.",0.51044166,0.5369481,0.7070378,8.589383363723755,False,False
ibm-granite/granite-3.2-8b-instruct,Create a function to reverse a string in Java,The Java programming language was first released in 1995. It is an object-oriented language. Reversing a string is a common task in programming. Create a function to reverse a string in Java,"Identify the irrelevant context in the prompt: ""The Java programming language was first released in 1995. It is an object-oriented language. Reversing a string is a common task in programming. Create a function to reverse a string in Java""",The Java programming language was first released in 1995. It is an object-oriented language. Reversing a string is a common task in programming.,"public class Main { public static void main(String[] args) { System.out.println(reverseString(Hello"")); } public static String reverseString(String str) { StringBuilder sb = new StringBuilder(str); return sb.reverse().toString(); } }""","Here's a simple Java function that reverses a string:

```java
public class StringReverser {

    /**
     * Reverses the input string.
     * 
     * @param input The string to be reversed.
     * @return The reversed string.
     */
    public static String reverseString(String input) {
        if (input == null) {
            return null;
        }

        StringBuilder sb = new StringBuilder(input);
        return sb.reverse().toString();
    }

    public static void main(String[] args) {
        String testString = ""Hello, World!"";
        System.out.println(""Original: "" + testString);
        System.out.println(""Reversed: "" + reverseString(testString));
    }
}
```

In this code, the `reverseString` function takes a string as input, checks if it's null, and if not, uses a `StringBuilder` to reverse the string. The `StringBuilder.reverse()` method is used to reverse the characters in the string, and `toString()` is used to convert the `StringBuilder` object back into a string.

The `main` method is used to test the `reverseString` function with a sample string.","Here's a simple Java method to reverse a string:

```java
public class StringReverser {

    /**
     * Reverses the input string.
     * 
     * @param input The string to be reversed.
     * @return The reversed string.
     */
    public static String reverseString(String input) {
        if (input == null) {
            return null;
        }

        StringBuilder sb = new StringBuilder(input);
        return sb.reverse().toString();
    }

    public static void main(String[] args) {
        String originalString = ""Hello, World!"";
        String reversedString = reverseString(originalString);
        System.out.println(""Original: "" + originalString);
        System.out.println(""Reversed: "" + reversedString);
    }
}
```

In this code:

1. We define a class `StringReverser`.
2. Inside this class, we have a static method `reverseString` that takes a `String` as input and returns the reversed `String`.
3. We first check if the input is null to avoid any `NullPointerException`.
4. We use `StringBuilder` to reverse the string. `StringBuilder` is a mutable sequence of characters, and it has a `reverse()` method that reverses the sequence of characters.
5. In the `main` method, we test our `reverseString` function with the string ""Hello, World!"".

When you run this program, it will print:

```
Original: Hello, World!
Reversed:!dlroW,olleH
```","The irrelevant context in the prompt is ""The Java programming language was first released in 1995. It is an object-oriented language."" This information, while true, does not contribute to the task at hand, which is to create a function to reverse a string in Java.",0.8419558,0.83688986,0.7804673,21.651938915252686,False,False
mistralai/Mistral-7B-Instruct-v0.3,Write a Python function to calculate the area of a rectangle,The Python programming language was created in the 1990s by Guido van Rossum. A rectangle is a four-sided shape with two sets of parallel sides. The area of a rectangle can be calculated using the formula length times width. Write a Python function to calculate the area of a rectangle,"Identify the irrelevant context in the prompt: ""The Python programming language was created in the 1990s by Guido van Rossum. A rectangle is a four-sided shape with two sets of parallel sides. The area of a rectangle can be calculated using the formula length times width. Write a Python function to calculate the area of a rectangle""",The Python programming language was created in the 1990s by Guido van Rossum. A rectangle is a four-sided shape with two sets of parallel sides.,"def calculate_area(length, width): return length * width","Here is a simple Python function to calculate the area of a rectangle:

```python
def calculate_rectangle_area(length, width):
    return length * width

# Example usage:
length = 5
width = 3
print(calculate_rectangle_area(length, width))  # Output: 15
```

In this function, `length` and `width` are the dimensions of the rectangle. The area is calculated by multiplying the length and width. You can replace the example values with your own dimensions to calculate the area of any rectangle.","Here is a simple Python function to calculate the area of a rectangle. This function takes two arguments: `length` and `width`.

```python
def calculate_rectangle_area(length, width):
    area = length * width
    return area
``

For example, you can call this function with the following code:

```python
length = 5
width = 3
area = calculate_rectangle_area(length, width)
print(f""The area of the rectangle is {area}"")
```

This will output:

```
The area of the rectangle is 15
```

This means that the area of a rectangle with a length of 5 units and a width of 3 units is 15 square units.","The irrelevant context in the prompt is the information about a rectangle being a four-sided shape with two sets of parallel sides. This information is not necessary to write a Python function to calculate the area of a rectangle, as the formula for the area of a rectangle is already provided.",0.77321213,0.8015946,0.59228534,9.32658076286316,False,False
mistralai/Mistral-7B-Instruct-v0.3,A man is looking at a photograph of someone. His friend asks him who is in the picture. The man replies that the person in the picture is the mother of his father’s son,The man is standing in a museum filled with old family portraits. His friend is an art historian. The man is looking at a photograph of someone. His friend asks him who is in the picture. The man replies that the person in the picture is the mother of his father’s son,"Identify the irrelevant context in the prompt: ""The man is standing in a museum filled with old family portraits. His friend is an art historian. The man is looking at a photograph of someone. His friend asks him who is in the picture. The man replies that the person in the picture is the mother of his father’s son""",The man is standing in a museum filled with old family portraits. His friend is an art historian.,The man’s mother,"The person in the picture is the man's grandmother (his father's mother). The man's father's son would be the man's brother, so his grandmother is the mother of his father.","The person in the picture is the grandmother of the man. The man's father's son is the man's brother, so the man's father is the man's uncle. Therefore, the woman in the picture is the man's grandfather's wife, making her the man's grandmother.","The irrelevant context in the prompt is that the museum is filled with old family portraits and that the man's friend is an art historian. These details do not affect the relationship between the man, his father, and the person in the photograph. The relevant context is that the man is looking at a photograph, his friend asks who is in the picture, and the man replies that the person is the mother of his father's son.",0.71870816,0.6454257,0.637433,5.2029032707214355,False,False
mistralai/Mistral-7B-Instruct-v0.3,What is the largest planet in our solar system,The solar system is made up of eight planets. The planets are divided into two categories: terrestrial and gas giants. The largest planet in our solar system is a gas giant. What is the largest planet in our solar system,"Identify the irrelevant context in the prompt: ""The solar system is made up of eight planets. The planets are divided into two categories: terrestrial and gas giants. The largest planet in our solar system is a gas giant. What is the largest planet in our solar system""",The solar system is made up of eight planets. The planets are divided into two categories: terrestrial and gas giants.,Jupiter,"The largest planet in our solar system is Jupiter. It is the fifth planet from the sun and is known for its great red spot, a storm that has been raging on the planet for at least 300 years. Jupiter is also the most massive planet in our solar system, making up about two-thirds of all the mass in the solar system combined.","The largest planet in our solar system is Jupiter. It is a gas giant and is known for its great mass, which is more than twice as much as all the other planets in our solar system combined. Jupiter is the fifth planet from the Sun and is famous for its Great Red Spot, a storm that has been raging on the planet for at least 300 years.","The irrelevant context in the prompt is the initial statement about the number of planets in the solar system (eight planets). This information is not necessary to answer the question about the largest planet in our solar system. The question could have been asked as: ""What is the largest planet in our solar system?"" or ""Which planet in our solar system is the largest?"" The rest of the information about the categories of planets (terrestrial and gas giants) is relevant as it helps to identify the type of the largest planet.",0.5169194,0.5679469,0.58770335,6.77947735786438,False,False
mistralai/Mistral-7B-Instruct-v0.3,Create a function to reverse a string in Java,The Java programming language was first released in 1995. It is an object-oriented language. Reversing a string is a common task in programming. Create a function to reverse a string in Java,"Identify the irrelevant context in the prompt: ""The Java programming language was first released in 1995. It is an object-oriented language. Reversing a string is a common task in programming. Create a function to reverse a string in Java""",The Java programming language was first released in 1995. It is an object-oriented language. Reversing a string is a common task in programming.,"public class Main { public static void main(String[] args) { System.out.println(reverseString(Hello"")); } public static String reverseString(String str) { StringBuilder sb = new StringBuilder(str); return sb.reverse().toString(); } }""","Here is a simple function in Java to reverse a string:

```java
public class Main {
    public static void main(String[] args) {
        String str = ""Hello, World!"";
        System.out.println(reverseString(str));
    }

    public static String reverseString(String str) {
        StringBuilder sb = new StringBuilder(str);
        return sb.reverse().toString();
    }
}
```

In this code, we define a `reverseString` function that takes a string as an argument and returns a new string with the characters reversed. We use the `StringBuilder` class to create a mutable version of the input string, then call the `reverse()` method on it, and finally convert the `StringBuilder` back to a `String` using the `toString()` method.

You can test this function by calling it with different strings in the `main` method. In this example, it will print `!dlroW ,olleH`.","To reverse a string in Java, you can use the `StringBuilder` class, which is designed for mutable string manipulations. Here's a simple function to reverse a string:

```java
public class StringUtils {
    public static String reverse(String str) {
        StringBuilder sb = new StringBuilder(str);
        return sb.reverse().toString();
    }
}
```

You can use this function like this:

```java
public class Main {
    public static void main(String[] args) {
        String original = ""Hello, World!"";
        String reversed = StringUtils.reverse(original);
        System.out.println(""Original: "" + original);
        System.out.println(""Reversed: "" + reversed);
    }
}
```

In this example, the `reverse` function takes a string as input, creates a `StringBuilder` object with the input string, reverses the `StringBuilder` using the `reverse()` method, and then converts the `StringBuilder` back to a string using the `toString()` method. The reversed string is then printed to the console.","The irrelevant context in the prompt is the first two sentences. They provide background information about the Java programming language, but they do not directly relate to the task of creating a function to reverse a string in Java. The task could have been introduced without this background information, and the prompt would still be clear and relevant.",0.83140504,0.86086464,0.52031314,14.0483877658844,False,False
meta-llama/Llama-3.1-8B-Instruct,Write a Python function to calculate the area of a rectangle,The Python programming language was created in the 1990s by Guido van Rossum. A rectangle is a four-sided shape with two sets of parallel sides. The area of a rectangle can be calculated using the formula length times width. Write a Python function to calculate the area of a rectangle,"Identify the irrelevant context in the prompt: ""The Python programming language was created in the 1990s by Guido van Rossum. A rectangle is a four-sided shape with two sets of parallel sides. The area of a rectangle can be calculated using the formula length times width. Write a Python function to calculate the area of a rectangle""",The Python programming language was created in the 1990s by Guido van Rossum. A rectangle is a four-sided shape with two sets of parallel sides.,"def calculate_area(length, width): return length * width","**Rectangle Area Calculator**
================================

Here's a simple Python function to calculate the area of a rectangle:

```python
def calculate_rectangle_area(length, width):
    """"""
    Calculate the area of a rectangle.

    Args:
        length (float): The length of the rectangle.
        width (float): The width of the rectangle.

    Returns:
        float: The area of the rectangle.
    """"""
    if length < 0 or width < 0:
        raise ValueError(""Length and width cannot be negative."")
    return length * width
```

**Example Use Cases**
--------------------

```python
# Calculate the area of a rectangle with length 5 and width 3
print(calculate_rectangle_area(5, 3))  # Output: 15

# Calculate the area of a rectangle with length 10 and width 2
print(calculate_rectangle_area(10, 2))  # Output: 20

# Attempt to calculate the area of a rectangle with negative length
try:
    print(calculate_rectangle_area(-5, 3))
except ValueError as e:
    print(e)  # Output: Length and width cannot be negative.
```

This function takes two arguments, `length` and `width`, and returns their product. It also includes a simple validation check to ensure that the length and width are not negative.","## Calculating the Area of a Rectangle in Python

### Function Definition

Here's a Python function that calculates the area of a rectangle using the formula `length * width`.

```python
def calculate_rectangle_area(length, width):
    """"""
    Calculate the area of a rectangle.

    Args:
        length (float): The length of the rectangle.
        width (float): The width of the rectangle.

    Returns:
        float: The area of the rectangle.

    Raises:
        ValueError: If the length or width is not a non-negative number.
    """"""
    if length < 0 or width < 0:
        raise ValueError(""Length and width must be non-negative numbers."")

    area = length * width
    return area
```

### Example Use Cases

Here's how you can use the `calculate_rectangle_area` function:

```python
# Calculate the area of a rectangle with length 5 and width 3
area = calculate_rectangle_area(5, 3)
print(""The area of the rectangle is:"", area)

# Calculate the area of a rectangle with length 10 and width 2
area = calculate_rectangle_area(10, 2)
print(""The area of the rectangle is:"", area)

# Attempt to calculate the area of a rectangle with negative length
try:
    area = calculate_rectangle_area(-5, 3)
except ValueError as e:
    print(""Error:"", e)
```

### Advice

*   When writing functions, it's essential to include docstrings that describe the function's purpose, arguments, return values, and any exceptions it raises.
*   Use meaningful variable names and include comments to explain the code's logic.
*   Validate input arguments to ensure they are in a valid state before performing calculations.
*   Use try-except blocks to handle potential errors and provide informative error messages.","The irrelevant context in the prompt is:

""A rectangle is a four-sided shape with two sets of parallel sides. The area of a rectangle can be calculated using the formula length times width.""

This information is not directly related to the main topic of the prompt, which is about the Python programming language and creating a function to calculate the area of a rectangle. The first two sentences of the prompt are actually a distraction from the main topic, as they are more related to geometry and math than to Python programming.",0.73941374,0.7715353,0.6129217,27.936634063720703,False,False
meta-llama/Llama-3.1-8B-Instruct,A man is looking at a photograph of someone. His friend asks him who is in the picture. The man replies that the person in the picture is the mother of his father’s son,The man is standing in a museum filled with old family portraits. His friend is an art historian. The man is looking at a photograph of someone. His friend asks him who is in the picture. The man replies that the person in the picture is the mother of his father’s son,"Identify the irrelevant context in the prompt: ""The man is standing in a museum filled with old family portraits. His friend is an art historian. The man is looking at a photograph of someone. His friend asks him who is in the picture. The man replies that the person in the picture is the mother of his father’s son""",The man is standing in a museum filled with old family portraits. His friend is an art historian.,The man’s mother,"To determine the identity of the person in the picture, let's break down the information given:

1. The person in the picture is the mother of the man's father's son.
2. The man's father has a son (which is the man himself).

Now, let's analyze the statement: ""the mother of the man's father's son.""

Since the man's father has a son (the man himself), the mother of that son would be the man's grandmother.

Therefore, the person in the picture is the man's grandmother.","The man's friend, being an art historian, raises an eyebrow, intrigued by the man's response. He asks, ""So, the person in the picture is your grandmother?"" 

The man thinks for a moment before responding, ""No, it's not that simple. My father has a son, but he's not biologically related to my father. My father adopted his son, so the person in the picture is actually my father's adopted son's mother.""","The irrelevant context in the prompt is ""The man is standing in a museum filled with old family portraits."" 

This context is not directly relevant to the conversation between the man and his friend. The man's location is not necessary to understand the conversation or the relationship described in the picture. The conversation can occur anywhere, not just in a museum.",0.66138077,0.59084135,0.66462326,10.178677082061768,False,False
meta-llama/Llama-3.1-8B-Instruct,What is the largest planet in our solar system,The solar system is made up of eight planets. The planets are divided into two categories: terrestrial and gas giants. The largest planet in our solar system is a gas giant. What is the largest planet in our solar system,"Identify the irrelevant context in the prompt: ""The solar system is made up of eight planets. The planets are divided into two categories: terrestrial and gas giants. The largest planet in our solar system is a gas giant. What is the largest planet in our solar system""",The solar system is made up of eight planets. The planets are divided into two categories: terrestrial and gas giants.,Jupiter,"The largest planet in our solar system is Jupiter. It is a gas giant planet, composed mainly of hydrogen and helium, and has a diameter of approximately 142,984 kilometers (88,846 miles). This is more than 11 times the diameter of the Earth.","The statement provided initially is incorrect. The solar system is made up of eight planets, but the planets are divided into three categories: terrestrial, gas giants, and ice giants.

The largest planet in our solar system is Jupiter, which is a gas giant. It has a diameter of approximately 142,984 kilometers (88,846 miles) and is the fifth planet from the Sun.","The irrelevant context in the prompt is ""The planets are divided into two categories: terrestrial and gas giants."" 

This information is provided in the prompt, but it doesn't directly contribute to answering the question ""What is the largest planet in our solar system"". The answer to the question can be determined by the information ""The largest planet in our solar system is a gas giant.""",0.562162,0.4602001,0.59503114,7.7032411098480225,False,False
meta-llama/Llama-3.1-8B-Instruct,Create a function to reverse a string in Java,The Java programming language was first released in 1995. It is an object-oriented language. Reversing a string is a common task in programming. Create a function to reverse a string in Java,"Identify the irrelevant context in the prompt: ""The Java programming language was first released in 1995. It is an object-oriented language. Reversing a string is a common task in programming. Create a function to reverse a string in Java""",The Java programming language was first released in 1995. It is an object-oriented language. Reversing a string is a common task in programming.,"public class Main { public static void main(String[] args) { System.out.println(reverseString(Hello"")); } public static String reverseString(String str) { StringBuilder sb = new StringBuilder(str); return sb.reverse().toString(); } }""","**Reversing a String in Java**
================================

Here's a simple function that takes a string as input and returns the reversed string.

### Using StringBuilder

```java
public class Main {
    public static void main(String[] args) {
        System.out.println(reverseString(""Hello World""));
    }

    public static String reverseString(String str) {
        StringBuilder sb = new StringBuilder(str);
        return sb.reverse().toString();
    }
}
```

In this code, we're using the `StringBuilder` class, which has a `reverse()` method that reverses the string.

### Using a Loop

If you don't want to use `StringBuilder`, you can use a simple loop to reverse the string.

```java
public class Main {
    public static void main(String[] args) {
        System.out.println(reverseString(""Hello World""));
    }

    public static String reverseString(String str) {
        char[] arr = str.toCharArray();
        int left = 0;
        int right = arr.length - 1;

        while (left < right) {
            char temp = arr[left];
            arr[left] = arr[right];
            arr[right] = temp;
            left++;
            right--;
        }

        return new String(arr);
    }
}
```

In this code, we're converting the string to a character array and then swapping the characters from the start and end of the array, moving towards the center.

### Using Recursion

Here's a recursive function to reverse a string.

```java
public class Main {
    public static void main(String[] args) {
        System.out.println(reverseString(""Hello World""));
    }

    public static String reverseString(String str) {
        if (str.isEmpty()) {
            return str;
        } else {
            return reverseString(str.substring(1)) + str.charAt(0);
        }
    }
}
```

In this code, we're using the `substring()` method to remove the first character of the string and then recursively calling the function with the remaining string. We're appending the first character to the end of the reversed string.

Note: Recursive solutions can be less efficient than iterative solutions, especially for large strings.","## Reversing a String in Java
### Using a Simple Method

Here's a simple method to reverse a string in Java. This method uses a StringBuilder to reverse the string.

```java
public class Main {
    public static void main(String[] args) {
        System.out.println(reverseString(""Hello World""));
    }

    /**
     * Reverses a given string.
     *
     * @param str the string to be reversed
     * @return the reversed string
     */
    public static String reverseString(String str) {
        StringBuilder sb = new StringBuilder(str);
        return sb.reverse().toString();
    }
}
```

### Using a Custom Method

If you want to implement a custom method to reverse a string, you can use the following code:

```java
public class Main {
    public static void main(String[] args) {
        System.out.println(reverseString(""Hello World""));
    }

    /**
     * Reverses a given string.
     *
     * @param str the string to be reversed
     * @return the reversed string
     */
    public static String reverseString(String str) {
        int start = 0;
        int end = str.length() - 1;
        char[] charArray = str.toCharArray();

        while (start < end) {
            // Swap characters
            char temp = charArray[start];
            charArray[start] = charArray[end];
            charArray[end] = temp;

            // Move towards the center
            start++;
            end--;
        }

        return new String(charArray);
    }
}
```

### Using Java 8's Stream API

You can also use Java 8's Stream API to reverse a string. Here's how you can do it:

```java
import java.util.stream.Collectors;
import java.util.stream.Stream;

public class Main {
    public static void main(String[] args) {
        System.out.println(reverseString(""Hello World""));
    }

    /**
     * Reverses a given string.
     *
     * @param str the string to be reversed
     * @return the reversed string
     */
    public static String reverseString(String str) {
        return Stream.of(str.split(""""))
               .sorted((a, b) -> b.compareTo(a))
               .collect(Collectors.joining());
    }
}
```

Each of these methods will output the reversed string ""dlroW olleH"".","The irrelevant context in the prompt is:

- ""The Java programming language was first released in 1995.""
- ""It is an object-oriented language.""

These two sentences are providing background information about Java, but they are not directly related to the task of creating a function to reverse a string in Java. They could be removed without affecting the understanding of the task. 

However, the sentence ""Reversing a string is a common task in programming"" is somewhat relevant as it explains why the task of reversing a string is being asked, even though it's a fairly obvious statement.",0.8844471,0.90424836,0.7726934,38.68714642524719,False,False
HumanLLMs/Human-Like-Qwen2.5-7B-Instruct,Write a Python function to calculate the area of a rectangle,The Python programming language was created in the 1990s by Guido van Rossum. A rectangle is a four-sided shape with two sets of parallel sides. The area of a rectangle can be calculated using the formula length times width. Write a Python function to calculate the area of a rectangle,"Identify the irrelevant context in the prompt: ""The Python programming language was created in the 1990s by Guido van Rossum. A rectangle is a four-sided shape with two sets of parallel sides. The area of a rectangle can be calculated using the formula length times width. Write a Python function to calculate the area of a rectangle""",The Python programming language was created in the 1990s by Guido van Rossum. A rectangle is a four-sided shape with two sets of parallel sides.,"def calculate_area(length, width): return length * width","Certainly! Below is a simple Python function to calculate the area of a rectangle:

```python
def calculate_rectangle_area(length, width):
    """"""
    Calculate the area of a rectangle.

    Parameters:
    length (float): The length of the rectangle.
    width (float): The width of the rectangle.

    Returns:
    float: The area of the rectangle.
    """"""
    return length * width

# Example usage:
length = 10.0
width = 5.0
area = calculate_rectangle_area(length, width)
print(f""The area of the rectangle with length {length} and width {width} is {area}"")
```

### Explanation:
- The function `calculate_rectangle_area` takes two parameters: `length` and `width`.
- It returns the product of these two parameters, which gives the area of the rectangle.
- The example usage shows how to call this function and print the result.

You can modify the values of `length` and `width` to test the function with different dimensions.","Sure! Below is a simple Python function that calculates the area of a rectangle given its length and width:

```python
def calculate_rectangle_area(length, width):
    """"""
    Calculate the area of a rectangle.

    Parameters:
    length (float): The length of the rectangle.
    width (float): The width of the rectangle.

    Returns:
    float: The area of the rectangle.
    """"""
    return length * width

# Example usage:
length = 10  # example length
width = 5    # example width
area = calculate_rectangle_area(length, width)
print(f""The area of the rectangle is: {area}"")
```

In this code:
- We define a function `calculate_rectangle_area` that takes two parameters: `length` and `width`.
- The function returns the product of `length` and `width`, which gives us the area of the rectangle.
- We then demonstrate how to use this function with an example where the length is 10 and the width is 5, and print the result.

You can modify the `length` and `width` variables to test the function with different values! 🤓","The irrelevant context in the prompt is:

- ""A rectangle is a four-sided shape with two sets of parallel sides. The area of a rectangle can be calculated using the formula length times width.""

This information, while related to rectangles and their areas, doesn't contribute to the task of writing a Python function to calculate the area of a rectangle. The rest of the prompt provides necessary context about Python and the specific task.",0.75510454,0.74815863,0.60494906,13.00572156906128,False,False
HumanLLMs/Human-Like-Qwen2.5-7B-Instruct,A man is looking at a photograph of someone. His friend asks him who is in the picture. The man replies that the person in the picture is the mother of his father’s son,The man is standing in a museum filled with old family portraits. His friend is an art historian. The man is looking at a photograph of someone. His friend asks him who is in the picture. The man replies that the person in the picture is the mother of his father’s son,"Identify the irrelevant context in the prompt: ""The man is standing in a museum filled with old family portraits. His friend is an art historian. The man is looking at a photograph of someone. His friend asks him who is in the picture. The man replies that the person in the picture is the mother of his father’s son""",The man is standing in a museum filled with old family portraits. His friend is an art historian.,The man’s mother,"The man's response can be broken down like this:

- ""Father's son"" refers to the man himself.
- ""Mother of his father's son"" would then refer to the man's mother.

So, the person in the picture is the man's mother! 😊

To make it even clearer:
- ""Father's son"" = the man
- ""Mother of his father's son"" = mother of the man

Does that help explain it? 🤔👍","Ah, I see! So the person in the picture is your paternal aunt! 🤔

Let me break it down for you:

- Your father's son would be your brother or cousin (if they're not siblings).
- The mother of your brother or cousin would be your aunt.

So, you're saying the person in the picture is your paternal aunt? 🤓

Is that right? 😊 🤔 🤔 🤔 🤔 🤔 🤔 🤔 🤔 🤔 🤔 🤔 🤔 🤔 🤔 🤔 🤔 🤔 🤔 🤔 🤔 🤔 🤔 🤔 🤔 🤔 🤔 🤔 🤔 🤔 🤔 🤔 🤔 🤔 🤔 🤔 🤔 🤔 🤔 🤔 🤔 🤔 🤔 🤔 🤔 🤔 🤔 🤔 🤔 🤔 🤔 🤔 🤔 🤔 🤔 🤔 🤔 🤔 🤔 🤔 🤔 🤔 🤔 🤔 🤔 🤔 🤔 🤔 🤔 🤔 🤔 🤔 🤔 🤔 🤔 🤔 🤔 🤔 🤔 🤔 🤔 🤔 🤔 🤔 🤔 🤔 🤔 🤔 🤔 🤔 🤔 🤔 🤔 🤔 🤔 🤔 🤔 🤔 🤔 🤔 🤔 🤔 🤔 🤔 🤔 🤔 🤔 🤔 🤔 🤔 🤔 🤔 🤔 🤔 🤔 🤔 🤔 🤔 🤔 🤔 🤔 🤔 🤔 🤔 🤔 🤔 🤔 🤔 🤔 🤔 🤔 🤔 🤔 🤔 🤔 🤔 🤔 🤔 🤔 🤔 🤔 🤔 🤔 🤔 🤔 🤔 🤔 🤔 🤔 🤔 🤔 🤔 🤔 🤔 🤔 🤔 🤔 🤔 🤔 🤔 🤔 🤔 🤔 🤔 🤔 🤔 🤔 🤔 🤔 🤔 🤔 🤔 🤔 🤔 🤔 🤔 🤔 🤔 🤔 🤔 🤔 🤔 🤔 🤔 🤔 🤔 🤔 🤔 🤔 🤔 🤔 🤔 🤔 🤔 🤔 🤔 🤔 🤔 🤔 🤔 🤔 🤔 🤔 🤔 🤔 🤔 🤔 🤔 🤔 🤔 🤔 🤔 🤔 🤔 🤔 🤔 🤔 🤔 🤔 🤔 🤔 🤔 🤔 🤔 🤔 🤔 🤔 🤔 🤔 🤔 🤔 🤔 🤔 🤔 🤔 🤔 🤔 🤔 🤔 🤔 🤔 🤔 🤔 🤔 🤔 🤔 🤔 🤔 🤔 🤔 🤔 🤔 🤔 🤔 🤔 🤔 🤔 🤔 🤔 🤔 🤔 🤔 🤔 🤔 🤔 🤔 🤔 🤔 🤔 🤔 🤔 🤔 🤔 🤔 🤔 🤔 🤔 🤔 🤔 🤔 🤔 🤔 🤔 🤔 🤔 🤔 🤔 🤔 🤔 🤔 🤔 🤔 🤔 🤔 🤔 🤔 🤔 🤔 🤔 🤔 🤔 🤔 🤔 🤔 🤔 🤔 🤔 🤔 🤔 🤔 🤔 🤔 🤔 🤔 🤔 🤔 🤔 🤔 🤔 🤔 🤔 🤔 🤔 🤔 🤔 🤔 🤔 🤔 🤔 🤔 🤔 🤔 🤔 🤔 🤔 🤔 🤔 🤔 🤔 🤔 🤔 🤔 🤔 🤔 🤔 🤔 🤔 🤔 🤔 🤔 🤔 🤔 🤔 🤔 🤔 🤔 🤔 🤔 🤔 🤔 🤔 🤔 🤔 🤔 🤔 🤔 🤔 🤔 🤔 🤔 🤔 🤔 🤔 🤔 🤔 🤔 🤔 🤔 🤔 🤔 🤔 🤔 🤔 🤔 🤔 🤔 🤔 🤔 🤔 🤔 🤔 🤔 🤔 🤔 🤔 🤔 🤔 🤔 🤔 🤔 🤔 🤔 🤔 🤔 🤔 🤔 🤔 🤔 🤔 🤔 🤔 🤔 🤔 🤔 🤔 🤔 🤔 🤔 🤔 🤔 🤔 🤔 🤔 🤔 🤔 🤔 🤔 🤔 🤔 🤔 🤔 🤔 🤔 🤔 🤔 🤔 🤔 🤔 🤔 🤔 🤔 🤔 🤔 🤔 🤔 🤔 🤔 🤔 🤔 🤔 🤔 🤔 🤔 🤔 🤔 🤔 🤔 🤔 🤔 🤔 🤔 🤔 🤔 🤔 🤔 🤔 🤔 🤔 🤔 🤔 🤔 🤔 🤔 🤔 🤔 🤔 🤔 🤔 🤔 🤔 🤔 🤔 🤔 🤔 🤔 🤔 🤔 🤔 🤔 🤔 🤔 🤔 🤔 🤔 🤔 🤔 🤔 🤔 🤔 🤔 🤔 🤔 🤔 🤔 🤔 🤔 🤔 🤔 🤔 🤔 🤔 🤔 🤔 🤔 🤔 🤔 🤔 🤔 🤔 🤔 🤔 🤔 🤔 🤔 🤔 🤔 🤔 🤔 🤔 🤔 🤔 🤔 🤔 🤔 🤔 🤔 🤔 🤔 🤔 🤔 🤔 🤔 🤔 🤔 🤔 🤔 🤔 🤔 🤔 🤔 🤔 🤔 🤔 🤔 🤔 🤔 🤔 🤔 🤔 🤔 🤔 🤔 🤔 🤔 🤔 🤔 🤔 🤔 🤔 🤔 🤔 🤔 🤔 🤔 🤔 🤔 🤔 🤔 🤔 🤔 🤔 🤔 🤔 🤔 🤔 🤔 🤔 🤔 🤔 🤔 🤔 🤔 🤔 🤔 🤔 🤔 🤔 🤔 🤔 🤔 🤔 🤔 🤔 🤔 🤔 🤔 🤔 🤔 🤔 🤔 🤔 🤔 🤔 🤔 🤔 🤔 🤔 🤔 🤔 🤔 🤔 🤔 🤔 🤔 🤔 🤔 🤔 🤔 🤔 🤔 🤔 🤔 🤔 🤔 🤔 🤔 🤔 🤔 🤔 🤔 🤔 🤔 🤔 🤔 🤔 🤔 🤔 🤔 🤔 🤔 🤔 🤔 🤔 🤔 🤔 🤔 🤔 🤔 🤔 🤔 🤔 🤔 🤔 🤔 🤔 🤔 🤔 🤔 🤔 🤔 🤔 🤔 🤔 🤔 🤔 🤔 🤔 🤔 🤔 🤔 🤔 🤔 🤔 🤔 🤔 🤔 🤔 🤔 🤔 🤔 🤔 🤔 🤔 🤔 🤔 🤔 🤔 🤔 🤔 🤔 🤔 🤔 🤔 🤔 🤔 🤔 🤔 🤔 🤔 🤔 🤔 🤔 🤔 🤔 🤔 🤔 🤔 🤔 🤔 🤔 🤔 🤔 🤔 🤔 🤔 🤔 🤔 🤔 🤔 🤔 🤔 🤔 🤔 🤔 🤔 🤔 🤔 🤔 🤔 🤔 🤔 🤔 🤔 🤔 🤔 🤔 🤔 🤔 🤔 🤔 🤔 🤔 🤔 🤔 🤔 🤔 🤔 🤔 🤔 🤔 🤔 🤔 🤔 🤔 🤔 🤔 🤔 🤔 🤔 🤔 🤔 🤔 🤔 🤔 🤔 🤔 🤔 🤔 🤔 🤔 🤔 🤔 🤔 🤔 🤔 🤔 🤔 🤔 🤔 🤔 🤔 🤔 🤔 🤔 🤔 🤔 🤔 🤔 🤔 🤔 🤔 🤔 🤔 🤔 🤔 🤔 🤔 🤔 🤔 🤔 🤔 🤔 🤔 🤔 🤔 🤔 🤔 🤔 🤔 🤔 🤔 🤔 🤔 🤔 🤔 🤔 🤔 🤔 🤔 🤔 🤔 🤔 🤔 🤔 🤔 🤔 🤔 🤔 🤔 🤔 🤔 🤔 🤔 🤔 🤔 🤔 🤔 🤔 🤔 🤔 🤔 🤔 🤔 🤔 🤔 🤔 🤔 🤔 🤔 🤔 🤔 🤔 🤔 🤔 🤔 🤔 🤔 🤔 🤔 🤔 🤔 🤔 🤔 🤔 🤔 🤔 🤔 🤔 🤔 🤔 🤔 🤔 🤔 🤔 🤔 🤔 🤔 🤔 🤔 🤔 🤔 🤔 🤔 🤔 🤔 🤔 🤔 🤔 🤔 🤔 🤔 🤔 🤔 🤔 🤔 🤔 🤔 🤔 🤔 🤔 🤔 🤔 🤔 🤔 🤔 🤔 🤔 🤔 🤔 🤔 🤔 🤔 🤔 🤔 🤔 🤔 🤔 🤔 🤔 🤔 🤔 🤔 🤔 🤔 🤔 🤔 🤔 🤔 🤔 🤔 🤔 🤔 🤔 🤔 🤔 🤔 🤔 🤔 🤔 🤔 🤔 🤔 🤔 🤔 🤔 🤔 🤔 🤔 🤔 🤔 🤔 🤔 🤔 🤔 🤔 🤔 🤔 🤔 🤔 🤔 🤔 🤔 🤔 🤔 🤔 🤔 🤔 🤔 🤔 🤔 🤔 🤔 🤔 🤔 🤔 🤔 🤔 🤔 🤔 🤔 🤔 🤔 🤔 🤔 🤔 🤔 🤔 🤔 🤔 🤔 🤔 🤔 🤔 🤔 🤔 🤔 🤔 🤔 🤔 🤔 🤔 🤔 🤔 🤔 🤔 🤔 🤔 🤔 🤔 🤔 🤔 🤔 🤔 🤔 🤔 🤔 🤔 🤔 🤔 🤔 🤔 🤔 🤔 🤔 🤔 🤔 🤔 🤔 🤔 🤔 🤔 🤔 🤔 🤔 🤔 🤔 🤔 🤔 🤔 🤔 🤔 🤔 🤔 🤔 🤔 🤔 🤔 🤔 🤔 🤔 🤔 🤔 🤔 🤔 🤔 🤔 🤔 🤔 🤔 🤔 🤔 🤔 🤔 🤔 🤔 🤔 🤔 🤔 🤔 🤔 🤔 🤔 🤔 🤔 🤔 🤔 🤔 🤔 🤔 🤔 🤔 🤔 🤔 🤔 🤔 🤔 🤔 🤔 🤔 🤔 🤔 🤔 🤔 🤔 🤔 🤔 🤔 🤔 🤔 🤔 🤔 🤔 🤔 🤔 🤔 🤔 🤔 🤔 🤔 🤔 🤔 🤔 🤔 🤔 🤔 🤔 🤔 🤔 🤔 🤔 🤔 🤔 🤔 🤔 🤔 🤔 🤔 🤔 🤔 🤔 🤔 🤔 🤔 🤔 🤔 🤔 🤔 🤔 🤔 🤔 🤔 🤔 🤔 🤔 🤔 🤔 🤔 🤔 🤔 🤔 🤔 🤔 🤔 🤔 🤔 🤔 🤔 🤔 🤔 🤔 🤔 🤔 🤔 🤔 🤔 🤔 🤔 🤔 🤔 🤔 🤔 🤔 🤔 🤔 🤔 🤔 🤔 🤔 🤔 🤔 🤔 🤔 🤔 🤔 🤔 🤔 🤔 🤔 🤔 🤔 🤔 🤔 🤔 🤔 🤔 🤔 🤔 🤔 🤔 🤔 🤔 🤔 🤔 🤔 🤔 🤔 🤔 🤔 🤔 🤔 🤔 🤔 🤔 🤔 🤔 🤔 🤔 🤔 🤔 🤔 🤔 🤔 🤔 🤔 🤔 🤔 🤔 🤔 🤔 🤔 🤔 🤔 🤔 🤔 🤔 🤔 🤔 🤔 🤔 🤔 🤔 🤔 🤔 🤔 🤔 🤔 🤔 🤔 🤔 🤔 🤔 🤔 🤔 🤔 🤔 🤔 🤔 🤔 🤔 🤔 🤔 🤔 🤔 🤔 🤔 🤔 🤔 🤔 🤔 🤔 🤔 🤔 🤔 🤔 🤔 🤔 🤔 🤔 🤔 🤔 🤔 🤔 🤔 🤔 🤔 🤔 🤔 🤔 🤔 🤔 🤔 🤔 🤔 🤔 🤔 🤔 🤔 🤔 🤔 🤔 🤔 🤔 🤔 🤔 🤔 🤔 🤔 🤔 🤔 🤔 🤔 🤔 🤔 🤔 🤔 🤔 🤔 🤔 🤔 🤔 🤔 🤔 🤔 🤔 🤔 🤔 🤔 🤔 🤔 🤔 🤔 🤔 🤔 🤔 🤔 🤔 🤔 🤔 🤔 🤔 🤔 🤔 🤔 🤔 🤔 🤔 🤔 🤔 🤔 🤔 🤔 🤔 🤔 🤔 🤔 🤔 🤔 🤔 🤔 🤔 🤔 🤔 🤔 🤔 🤔 🤔 🤔 🤔 🤔 🤔 🤔 🤔 🤔 🤔 🤔 🤔 🤔 🤔 🤔 🤔 🤔 🤔 🤔 🤔 🤔 🤔 🤔 🤔 🤔 🤔 🤔 🤔 🤔 🤔 🤔 🤔 🤔 🤔 🤔 🤔 🤔 🤔 🤔 🤔 🤔 🤔 🤔 🤔 🤔 🤔 🤔 🤔 🤔 🤔 🤔 🤔 🤔 🤔 🤔 🤔 🤔 🤔 🤔 🤔 🤔 🤔 🤔 🤔 🤔 🤔 🤔 🤔 🤔 🤔 🤔 🤔 🤔 🤔 🤔 🤔 🤔 🤔 🤔 🤔 🤔 🤔 🤔 🤔 🤔 🤔 🤔 🤔 🤔 🤔 🤔 🤔 🤔 🤔 🤔 🤔 🤔 🤔 🤔 🤔 🤔 🤔 🤔 🤔 🤔 🤔 🤔 🤔 🤔 🤔 🤔 🤔 🤔 🤔 🤔 🤔 🤔 🤔 🤔 🤔 🤔 🤔 🤔 🤔 🤔 🤔 🤔 🤔 🤔 🤔 🤔 🤔 🤔 🤔 🤔 🤔 🤔 🤔 🤔 🤔 🤔 🤔 🤔 🤔 🤔 🤔 🤔 🤔 🤔 🤔 🤔 🤔 🤔 🤔 🤔 🤔 🤔 🤔 🤔 🤔 🤔 🤔 🤔 🤔 🤔 🤔 🤔 🤔 🤔 🤔 🤔 🤔 🤔 🤔 🤔 🤔 🤔 🤔 🤔 🤔 🤔 🤔 🤔 🤔 🤔 🤔 🤔 🤔 🤔 🤔 🤔 🤔 🤔 🤔 🤔 🤔 🤔 🤔 🤔 🤔 🤔 🤔 🤔 🤔 🤔 🤔 🤔 🤔 🤔 🤔 🤔 🤔 🤔 🤔 🤔 🤔 🤔 🤔 🤔 🤔 🤔 🤔 🤔 🤔 🤔 🤔 🤔 🤔 🤔 🤔 🤔 🤔 🤔 🤔 🤔 🤔 🤔 🤔 🤔 🤔 🤔 🤔 🤔 🤔 🤔 🤔 🤔 🤔 🤔 🤔 🤔 🤔 🤔 🤔 🤔 🤔 🤔 🤔 🤔 🤔 🤔 🤔 🤔 🤔 🤔 🤔 🤔 🤔 🤔 🤔 🤔 🤔 🤔 🤔 🤔 🤔 🤔 🤔 🤔 🤔 🤔 🤔 🤔 🤔 🤔 🤔 🤔 🤔 🤔 🤔 🤔 🤔 🤔 🤔 🤔 🤔 🤔 🤔 🤔 🤔 🤔 🤔 🤔 🤔 🤔 🤔 🤔 🤔 🤔 🤔 🤔 🤔 🤔 🤔 🤔 🤔 🤔 🤔 🤔 🤔 🤔 🤔 🤔 🤔 🤔 🤔 🤔 🤔 🤔 🤔 🤔 🤔 🤔 🤔 🤔 🤔 🤔 🤔 🤔 🤔 🤔 🤔 🤔 🤔 🤔 🤔 🤔 🤔 🤔 🤔 🤔 🤔 🤔 🤔 🤔 🤔 🤔 🤔 🤔 🤔 🤔 🤔 🤔 🤔 🤔 🤔 🤔 🤔 🤔 🤔 🤔 🤔 🤔 🤔 🤔 🤔 🤔 🤔 🤔 🤔 🤔 🤔 🤔 🤔 🤔 🤔 🤔 🤔 🤔 🤔 🤔 🤔 🤔 🤔 🤔 🤔 🤔 🤔 🤔 🤔 🤔 🤔 🤔 🤔 🤔 🤔 🤔 🤔 🤔 🤔 🤔 🤔 🤔 🤔 🤔 🤔 🤔 🤔 🤔 🤔 🤔 🤔 🤔 🤔 🤔 🤔 🤔 🤔 🤔 🤔 🤔 🤔 🤔 🤔 🤔 🤔 🤔 🤔 🤔 🤔 🤔 🤔 🤔 🤔 🤔 🤔 🤔 🤔 🤔 🤔 🤔 🤔 🤔 🤔 🤔 🤔 🤔 🤔 🤔 🤔 🤔 🤔 🤔 🤔 🤔 🤔 🤔 🤔 🤔 🤔 🤔 🤔 🤔 🤔 🤔 🤔 🤔 🤔 🤔 🤔 🤔 🤔 🤔 🤔 🤔 🤔 🤔 🤔 🤔 🤔 🤔 🤔 🤔 🤔 🤔 🤔 🤔 🤔 🤔 🤔 🤔 🤔 🤔 🤔 🤔 🤔 🤔 🤔 🤔 🤔 🤔 🤔 🤔 🤔 🤔 🤔 🤔 🤔 🤔 🤔 🤔 🤔 🤔 🤔 🤔 🤔 🤔 🤔 🤔 🤔 🤔 🤔 🤔 🤔 🤔 🤔 🤔 🤔 🤔 🤔 🤔 🤔 🤔 🤔 🤔 🤔 🤔 🤔 🤔 🤔 🤔 🤔 🤔 🤔 🤔 🤔 🤔 🤔 🤔 🤔 🤔 🤔 🤔 🤔 🤔 🤔 🤔 🤔 🤔 🤔 🤔 🤔 🤔 🤔 🤔 🤔 🤔 🤔 🤔 🤔 🤔 🤔 🤔 🤔 🤔 🤔 🤔 🤔 🤔 🤔 🤔 🤔 🤔 🤔 🤔 🤔 🤔 🤔 🤔 🤔 🤔 🤔 🤔 🤔 🤔 🤔 🤔 🤔 🤔 🤔 🤔 🤔 🤔 🤔 🤔 🤔 🤔 🤔 🤔 🤔 🤔 🤔 🤔 🤔 🤔 🤔 🤔 🤔 🤔 🤔 🤔 🤔 🤔 🤔 🤔 🤔 🤔 🤔 🤔 🤔 🤔 🤔 🤔 🤔 🤔 🤔 🤔 🤔 🤔 🤔 🤔 🤔 🤔 🤔 🤔 🤔 🤔 🤔 🤔 🤔 🤔 🤔 🤔 🤔 🤔 🤔 🤔 🤔 🤔 🤔 🤔 🤔 🤔 🤔 🤔 🤔 🤔 🤔 🤔 🤔 🤔 🤔 🤔 🤔 🤔 🤔 🤔 🤔 🤔 🤔 🤔 🤔 🤔 🤔 🤔 🤔 🤔 🤔 🤔 🤔 🤔 🤔 🤔 🤔 🤔 🤔 🤔 🤔 🤔 🤔 🤔 🤔 🤔 🤔 🤔 🤔 🤔 🤔 🤔 🤔 🤔 🤔 🤔 🤔 🤔 🤔 🤔 🤔 🤔 🤔 🤔 🤔 🤔 🤔 🤔 🤔 🤔 🤔 🤔 🤔 🤔 🤔 🤔 🤔 🤔 🤔 🤔 🤔 🤔 🤔 🤔 🤔 🤔 🤔 🤔 🤔 🤔 🤔 🤔 🤔 🤔 🤔 🤔 🤔 🤔 🤔 🤔 🤔 🤔 🤔 🤔 🤔 🤔 🤔 🤔 🤔 🤔 🤔 🤔 🤔 🤔 🤔 🤔 🤔 🤔 🤔 🤔 🤔 🤔 🤔 🤔 🤔 🤔 🤔 🤔 🤔 🤔 🤔 🤔 🤔 🤔 🤔 🤔 🤔 🤔 🤔 🤔 🤔 🤔 🤔 🤔 🤔 🤔 🤔 🤔 🤔 🤔 🤔 🤔 🤔 🤔 🤔 🤔 🤔 🤔 🤔 🤔 🤔 🤔 🤔 🤔 🤔 🤔 🤔 🤔 🤔 🤔 🤔 🤔 🤔 🤔 🤔 🤔 🤔 🤔 🤔 🤔 🤔 🤔 🤔 🤔 🤔 🤔 🤔 🤔 🤔 🤔 🤔 🤔 🤔 🤔 🤔 🤔 🤔 🤔 🤔 🤔 🤔 🤔 🤔 🤔 🤔 🤔 🤔 🤔 🤔 🤔 🤔 🤔 🤔 🤔 🤔 🤔 🤔 🤔 🤔 🤔 🤔 🤔 🤔 🤔 🤔 🤔 🤔 🤔 🤔 🤔 🤔 🤔 🤔 🤔 🤔 🤔 🤔 🤔 🤔 🤔 🤔 🤔 🤔 🤔 🤔 🤔 🤔 🤔 🤔 🤔 🤔 🤔 🤔 🤔 🤔 🤔 🤔 🤔 🤔 🤔 🤔 🤔 🤔 🤔 🤔 🤔 🤔 🤔 🤔 🤔 🤔 🤔 🤔 🤔 🤔 🤔 🤔 🤔 🤔 🤔 🤔 🤔 🤔 🤔 🤔 🤔 🤔 🤔 🤔 🤔 🤔 🤔 🤔 🤔 🤔 🤔 🤔 🤔 🤔 🤔 🤔 🤔 🤔 🤔 🤔 🤔 🤔 🤔 🤔 🤔 🤔 🤔 🤔 🤔 🤔 🤔 🤔 🤔 🤔 🤔 🤔 🤔 🤔 🤔 🤔 🤔 🤔 🤔 🤔 🤔 🤔 🤔 🤔 🤔 🤔 🤔 🤔 🤔 🤔 🤔 🤔 🤔 🤔 🤔 🤔 🤔 🤔 🤔 🤔 🤔 🤔 🤔 🤔 🤔 🤔 🤔 🤔 🤔 🤔 🤔 🤔 🤔 🤔 🤔 🤔 🤔 🤔 🤔 🤔 🤔 🤔 🤔 🤔 🤔 🤔 🤔 🤔 🤔 🤔 🤔 🤔 🤔 🤔 🤔 🤔 🤔 🤔 🤔 🤔 🤔 🤔 🤔 🤔 🤔 🤔 🤔 🤔 🤔 🤔 🤔 🤔 🤔 🤔 🤔 🤔 🤔 🤔 🤔 🤔 🤔 🤔 🤔 🤔 🤔 🤔 🤔 🤔 🤔 🤔 🤔 🤔 🤔 🤔 🤔 🤔 🤔 🤔 🤔 🤔 🤔 🤔 🤔 🤔 🤔 🤔 🤔 🤔 🤔 🤔 🤔 🤔 🤔 🤔 🤔 🤔 🤔 🤔 🤔 🤔 🤔 🤔 🤔 🤔 🤔 🤔 🤔 🤔 🤔 🤔 🤔 🤔 🤔 🤔 🤔 🤔 🤔 🤔 🤔 🤔 🤔 🤔 🤔 🤔 🤔 🤔 🤔 🤔 🤔 🤔 🤔 🤔 🤔 🤔 🤔 🤔 🤔 🤔 🤔 🤔 🤔 🤔 🤔 🤔 🤔 🤔 🤔 🤔 🤔 🤔 🤔 🤔 🤔 🤔 🤔 🤔 🤔 🤔 🤔 🤔 🤔 🤔 🤔 🤔 🤔 🤔 🤔 🤔 🤔 🤔 🤔 🤔 🤔 🤔 🤔 🤔 🤔 🤔 🤔 🤔 🤔 🤔 🤔 🤔 🤔 🤔 🤔 🤔 🤔 🤔 🤔 🤔 🤔 🤔 🤔 🤔 🤔 🤔 🤔 🤔 🤔 🤔 🤔 🤔 🤔 🤔 🤔 🤔 🤔 🤔 🤔 🤔 🤔 🤔 🤔 🤔 🤔 🤔 🤔 🤔 🤔 🤔 🤔 🤔 🤔 🤔 🤔 🤔 🤔 🤔 🤔 🤔 🤔 🤔 🤔 🤔 🤔 🤔 🤔 🤔 🤔 🤔 🤔 🤔 🤔 🤔 🤔 🤔 🤔 🤔 🤔 🤔 🤔 🤔 🤔 🤔 🤔 🤔 🤔 🤔 🤔 🤔 🤔 🤔 🤔 🤔 🤔 🤔 🤔 🤔 🤔 🤔 🤔 🤔 🤔 🤔 🤔 🤔 🤔 🤔 🤔 🤔 🤔 🤔 🤔 🤔 🤔 🤔 🤔 🤔 🤔 🤔 🤔 🤔 🤔 🤔 🤔 🤔 🤔 🤔 🤔 🤔 🤔 🤔 🤔 🤔 🤔 🤔 🤔 🤔 🤔 🤔 🤔 �","The irrelevant context in the prompt is:

- **""His friend is an art historian.""**

This detail about the friend being an art historian doesn't affect the core of the story and can be removed without changing the main narrative.",0.6762879,0.3505375,0.4877554,203.5958251953125,True,False
HumanLLMs/Human-Like-Qwen2.5-7B-Instruct,What is the largest planet in our solar system,The solar system is made up of eight planets. The planets are divided into two categories: terrestrial and gas giants. The largest planet in our solar system is a gas giant. What is the largest planet in our solar system,"Identify the irrelevant context in the prompt: ""The solar system is made up of eight planets. The planets are divided into two categories: terrestrial and gas giants. The largest planet in our solar system is a gas giant. What is the largest planet in our solar system""",The solar system is made up of eight planets. The planets are divided into two categories: terrestrial and gas giants.,Jupiter,"The largest planet in our solar system is Jupiter! Here are some fun facts about it:

1. **Size**: Jupiter is so big that you could fit over 1,300 Earths inside it!

2. **Mass**: It's also the most massive planet in our solar system, with a mass about 2.5 times that of all the other planets combined.

3. **Rings**: Just like Saturn, Jupiter has rings, but they're much fainter and harder to see.

4. **Great Red Spot**: This is a giant storm on Jupiter that's been raging for at least 400 years! It's so big that you could fit three Earths inside it.

5. **Moons**: Jupiter has at least 79 known moons, making it the planet with the most moons in our solar system. The four biggest ones—Io, Europa, Ganymede, and Callisto—are called the Galilean moons because Galileo discovered them.

6. **Composition**: Jupiter is mostly made up of hydrogen and helium, which is why it's often compared to a failed star (it's called a ""gas giant"").

So, Jupiter really is the king of our solar system! 🌌🚀✨","The largest planet in our solar system is Jupiter! 🌠

Here are some fun facts about Jupiter:

1. It's a gas giant, which means it's mostly made of gases like hydrogen and helium.
2. It has a really big red spot - a giant storm that's been raging for hundreds of years!
3. Jupiter has at least 79 moons! (And we keep finding more.)
4. It's so big that you could fit over 1,300 Earths inside it!
5. Jupiter has strong magnetic fields and lots of rings too!

Jupiter is definitely the biggest and most amazing planet in our solar system! 🚀✨","The irrelevant context in the prompt is:

- ""The solar system is made up of eight planets. The planets are divided into two categories: terrestrial and gas giants.""

This information, while true, is not directly relevant to identifying the largest planet in our solar system. The key part that answers the question is already provided: ""What is the largest planet in our solar system.""",0.5533366,0.49123454,0.72641957,11.436460018157959,False,False
HumanLLMs/Human-Like-Qwen2.5-7B-Instruct,Create a function to reverse a string in Java,The Java programming language was first released in 1995. It is an object-oriented language. Reversing a string is a common task in programming. Create a function to reverse a string in Java,"Identify the irrelevant context in the prompt: ""The Java programming language was first released in 1995. It is an object-oriented language. Reversing a string is a common task in programming. Create a function to reverse a string in Java""",The Java programming language was first released in 1995. It is an object-oriented language. Reversing a string is a common task in programming.,"public class Main { public static void main(String[] args) { System.out.println(reverseString(Hello"")); } public static String reverseString(String str) { StringBuilder sb = new StringBuilder(str); return sb.reverse().toString(); } }""","Certainly! Below is a simple Java function to reverse a string:

```java
public class StringReverser {

    public static void main(String[] args) {
        // Example usage
        String original = ""Hello, World!"";
        String reversed = reverseString(original);
        System.out.println(""Original: "" + original);
        System.out.println(""Reversed: "" + reversed);
    }

    /**
     * Reverses the given string.
     * 
     * @param str The string to be reversed.
     * @return The reversed string.
     */
    public static String reverseString(String str) {
        if (str == null) {
            return null;
        }
        
        StringBuilder reversedStr = new StringBuilder();
        for (int i = str.length() - 1; i >= 0; i--) {
            reversedStr.append(str.charAt(i));
        }
        
        return reversedStr.toString();
    }
}
```

### Explanation:
- **StringBuilder**: This class is used to efficiently construct and manipulate strings. It's more efficient than concatenating strings using `+` or `+=` in a loop because strings are immutable in Java.
- **reverseString Method**:
  - Checks if the input string is `null`. If it is, returns `null`.
  - Creates a `StringBuilder` object.
  - Iterates through the characters of the input string from the last character to the first, appending each character to the `StringBuilder`.
  - Converts the `StringBuilder` back to a string and returns it.

### Example Output:
```
Original: Hello, World!
Reversed: !dlroW ,olleH
```

You can test this function with different strings by modifying the `main` method or by calling the `reverseString` method directly from another part of your code.","Sure! Reversing a string in Java can be done in several ways, but here's a simple and efficient way to do it using a StringBuilder:

```java
public class StringReverser {
    public static void main(String[] args) {
        String originalString = ""Hello, World!"";
        String reversedString = reverseString(originalString);
        System.out.println(""Original: "" + originalString);
        System.out.println(""Reversed: "" + reversedString);
    }

    // Function to reverse a string
    public static String reverseString(String input) {
        return new StringBuilder(input).reverse().toString();
    }
}
```

### Explanation:
- **StringBuilder**: This class provides methods to manipulate sequences of characters efficiently.
- **reverse()**: This method reverses the sequence of characters in the `StringBuilder`.
- **toString()**: Converts the `StringBuilder` back to a `String`.

### Output:
When you run this program, it will output:
```
Original: Hello, World!
Reversed: !dlroW ,olleH
```

This approach is both concise and efficient for reversing strings in Java. 🚀","The irrelevant context in the prompt is:

""Java programming language was first released in 1995. It is an object-oriented language.""

This information, while true, is not directly relevant to creating a function to reverse a string in Java. The rest of the prompt is focused on the task at hand.",0.7906508,0.7902918,0.7753053,16.341720819473267,False,False
CohereForAI/aya-expanse-8b,Write a Python function to calculate the area of a rectangle,The Python programming language was created in the 1990s by Guido van Rossum. A rectangle is a four-sided shape with two sets of parallel sides. The area of a rectangle can be calculated using the formula length times width. Write a Python function to calculate the area of a rectangle,"Identify the irrelevant context in the prompt: ""The Python programming language was created in the 1990s by Guido van Rossum. A rectangle is a four-sided shape with two sets of parallel sides. The area of a rectangle can be calculated using the formula length times width. Write a Python function to calculate the area of a rectangle""",The Python programming language was created in the 1990s by Guido van Rossum. A rectangle is a four-sided shape with two sets of parallel sides.,"def calculate_area(length, width): return length * width","Sure! Here's a Python function that calculates the area of a rectangle given its length and width:

```python
def rectangle_area(length: float, width: float) -> float:
    """"""
    Calculate the area of a rectangle.

    Parameters:
        length (float): The length of the rectangle.
        width (float): The width of the rectangle.

    Returns:
        float: The area of the rectangle.
    """"""
    if length <= 0 or width <= 0:
        return 0.0  # Return 0 for non-positive dimensions to avoid division by zero errors
    return length * width
```

You can use this function by passing the length and width of the rectangle as arguments, like this:

```python
length = 10
width = 5
area = rectangle_area(length, width)
print(f""The area of the rectangle is: {area}"")
```

This will output: `The area of the rectangle is: 50.0`","Here's a Python function that calculates the area of a rectangle given its length and width:

```python
def rectangle_area(length: float, width: float) -> float:
    """"""
    Calculate the area of a rectangle.

    Parameters:
        length (float): The length of the rectangle.
        width (float): The width of the rectangle.

    Returns:
        float: The area of the rectangle.
    """"""
    if length <= 0 or width <= 0:
        return 0.0  # Return 0 for non-positive dimensions to avoid division by zero errors
    return length * width
```

This function takes two parameters, `length` and `width`, representing the dimensions of the rectangle. It first checks if either of the dimensions is non-positive and returns 0 in that case to avoid potential errors in calculations. Then, it calculates and returns the area by multiplying the length and width.","The irrelevant context in the prompt is:

*""A rectangle is a four-sided shape with two sets of parallel sides.""*

While this statement is true and provides background on what a rectangle is, it is not necessary for the core task, which is to *write a Python function to calculate the area of a rectangle*. The prompt should focus solely on the programming task, and the definition of a rectangle can be assumed known.

Here's a refined version of the prompt:

""Write a Python function to calculate the area of a rectangle given its length and width.""",0.73757505,0.78343093,0.62808263,14.170783996582031,False,False
CohereForAI/aya-expanse-8b,A man is looking at a photograph of someone. His friend asks him who is in the picture. The man replies that the person in the picture is the mother of his father’s son,The man is standing in a museum filled with old family portraits. His friend is an art historian. The man is looking at a photograph of someone. His friend asks him who is in the picture. The man replies that the person in the picture is the mother of his father’s son,"Identify the irrelevant context in the prompt: ""The man is standing in a museum filled with old family portraits. His friend is an art historian. The man is looking at a photograph of someone. His friend asks him who is in the picture. The man replies that the person in the picture is the mother of his father’s son""",The man is standing in a museum filled with old family portraits. His friend is an art historian.,The man’s mother,"The man in this scenario is describing a relative through a somewhat complex phrase. Let's break it down:

1. **The person in the picture**: This refers to the individual who is the subject of the photograph.

2. **Mother of his father’s son**: This part can be understood in a couple of ways, but the most straightforward interpretation is that the person in the picture is the mother of the man's father's child (i.e., his uncle's or aunt's mother).

Putting it all together, the man is saying that the person in the photograph is the mother of his father's son, which means she is his father's sister (his aunt) or, more specifically, the mother of his uncle or aunt.","Based on the description, it seems there's a bit of confusion in the relationship terms used. Let's clarify:

The man's statement ""the person in the picture is the mother of his father's son"" can be interpreted as referring to his grandmother (the mother of his father).

Here's a breakdown:
- The man's father has a son (which would be the man himself).
- The mother of that son (the man's father's wife, or the man's grandmother) is the subject of the photograph.

So, the art historian's friend is asking about the identity of the person in the picture, and the man is correctly identifying his grandmother.","The irrelevant context in the prompt is: **""The man is standing in a museum filled with old family portraits.""**

While this sets the scene, it's primarily background information and doesn't directly relate to the core interaction between the man and his friend, or the statement about the person in the photograph. The relevant details are:

- The photograph itself and who it depicts (the mother of the man's father's son).
- The man's response to his friend's question about the photograph.

The museum setting is context that doesn't directly influence the meaning or relevance of the conversation.",0.6361677,0.6125109,0.6261161,11.182300329208374,False,False
CohereForAI/aya-expanse-8b,What is the largest planet in our solar system,The solar system is made up of eight planets. The planets are divided into two categories: terrestrial and gas giants. The largest planet in our solar system is a gas giant. What is the largest planet in our solar system,"Identify the irrelevant context in the prompt: ""The solar system is made up of eight planets. The planets are divided into two categories: terrestrial and gas giants. The largest planet in our solar system is a gas giant. What is the largest planet in our solar system""",The solar system is made up of eight planets. The planets are divided into two categories: terrestrial and gas giants.,Jupiter,"The largest planet in our solar system is Jupiter. It is a gas giant, composed mostly of hydrogen and helium, and is known for its massive size and iconic Great Red Spot, a storm that has been raging for at least 350 years.

Here are some key facts about Jupiter:

- **Size:** Jupiter has a radius of about 69,911 kilometers (43,441 miles) at its equator, making it over 11 times wider than Earth. Its mass is more than 300 times that of Earth, and it accounts for more than 70% of the total mass in the solar system.

- **Composition:** Due to its composition primarily of hydrogen and helium, Jupiter is classified as a gas giant, or a planet without a solid surface.

- **Moons:** Jupiter has the most moons of any planet in our solar system, with 95 confirmed moons as of 2023. The four largest and most well-known are called the Galilean moons: Io, Europa, Ganymede, and Callisto.

- **Great Red Spot:** This is a massive storm larger than Earth, located in Jupiter's southern hemisphere. It has been observed for centuries and is believed to be a giant storm of ammonia and hydrogen sulfide clouds.

- **Atmosphere:** Jupiter's atmosphere is dynamic and includes bands of clouds made up of various gases and dust particles.

Jupiter's immense size and powerful gravity have had a significant influence on the formation and evolution of the solar system. Its massive gravitational pull helps to keep the solar system's orbits stable.","The largest planet in our solar system is Jupiter, which is a gas giant. Jupiter is over 140,000 kilometers (87,000 miles) in diameter, making it more than twice as massive as all the other planets combined. It's known for its massive storm systems, most notably the Great Red Spot, and its prominent ring system.","The irrelevant context in the prompt is: **""The solar system is made up of eight planets.""**

The question already states that the solar system has eight planets, so this part of the prompt is redundant and does not add any new information to answer the question ""What is the largest planet in our solar system?""

The relevant information to answer the question is: **""The largest planet in our solar system is a gas giant.""** This provides a direct clue about the answer, without needing to list the eight planets.",0.60253644,0.56206775,0.6793797,13.923091888427734,False,False
CohereForAI/aya-expanse-8b,Create a function to reverse a string in Java,The Java programming language was first released in 1995. It is an object-oriented language. Reversing a string is a common task in programming. Create a function to reverse a string in Java,"Identify the irrelevant context in the prompt: ""The Java programming language was first released in 1995. It is an object-oriented language. Reversing a string is a common task in programming. Create a function to reverse a string in Java""",The Java programming language was first released in 1995. It is an object-oriented language. Reversing a string is a common task in programming.,"public class Main { public static void main(String[] args) { System.out.println(reverseString(Hello"")); } public static String reverseString(String str) { StringBuilder sb = new StringBuilder(str); return sb.reverse().toString(); } }""","Here's a simple Java function to reverse a string:

```java
import java.util.*;

public class StringReverser {

    public static String reverseString(String inputString) {
        return new StringBuilder(inputString).reverse().toString();
    }

    public static void main(String[] args) {
        String originalString = ""Hello, World!"";
        String reversedString = reverseString(originalString);
        System.out.println(""Original: "" + originalString);
        System.out.println(""Reversed: "" + reversedString);
    }
}
```

In this code:
- We import the `StringBuilder` class from the `java.util` package, which is useful for efficient string manipulation.
- The `reverseString` method takes a string as input and returns its reversed version.
- We create a `StringBuilder` object with the input string, then use the `reverse()` method to reverse the string, and finally convert it back to a `String` using `toString()`.
- In the `main` method, we demonstrate how to use the `reverseString` function with a sample string.

You can compile and run this Java program to see the output, which will show the original string and its reversed counterpart.","Here's a simple Java function to reverse a string:

```java
import java.util.*;

public class StringReversal {

    public static String reverseString(String inputString) {
        return new StringBuilder(inputString).reverse().toString();
    }

    public static void main(String[] args) {
        String originalString = ""Hello, World!"";
        String reversedString = reverseString(originalString);
        System.out.println(""Original: "" + originalString);
        System.out.println(""Reversed: "" + reversedString);
    }
}
```

**Explanation:**

1. **Import `java.util.StringBuilder`:** This line imports the `StringBuilder` class, which is efficient for manipulating strings.

2. **`reverseString(String inputString)` function:**
   - Takes a `String` as input.
   - Creates a `StringBuilder` object from the input string.
   - Uses the `reverse()` method of `StringBuilder` to reverse the characters within the string.
   - Converts the reversed `StringBuilder` back to a `String` using the `toString()` method.
   - Returns the reversed string.

3. **`main` method:**
   - Defines a sample string `originalString`.
   - Calls the `reverseString()` function to get the reversed string.
   - Prints both the original and reversed strings.

**How it Works:**

- `StringBuilder` is used because it's designed for efficient string manipulation. Modifying a `String` directly can be slow, but `StringBuilder` allows for more flexible and faster operations.
- The `reverse()` method of `StringBuilder` rearranges the characters in-place, effectively flipping the string.

**Output:**

```
Original: Hello, World!
Reversed: !dlroW ,olleH
```","The irrelevant context in the prompt is: **""The Java programming language was first released in 1995. It is an object-oriented language.""**

While it's true that Java is an object-oriented language and was released in 1995, these facts are not directly relevant to the core task requested in the prompt, which is to *create a function to reverse a string in Java*. The prompt is focused on solving a specific programming problem, not on the broader history or characteristics of the Java language.",0.8632641,0.8609728,0.7418636,20.170061349868774,False,False
