Prompt without irrelevant context,Prompt with irrelevant context,Prompt with irrelevant context and asking for irrelevant context,Irrelevant context,Correct answer
"In the story, Sarah discovers a hidden door in her attic that leads to a magical forest. What does Sarah find in the attic?","In the story, Sarah discovers a hidden door in her attic that leads to a magical forest. Sarah's grandmother had told her stories about enchanted realms when she was younger. The magical forest is known for its talking animals and ever-changing seasons. What does Sarah find in the attic?","Identify the irrelevant context in the prompt: ""In the story, Sarah discovers a hidden door in her attic that leads to a magical forest. Sarah's grandmother had told her stories about enchanted realms when she was younger. The magical forest is known for its talking animals and ever-changing seasons. What does Sarah find in the attic?""",Sarah's grandmother’s stories about enchanted realms.,Sarah finds a hidden door in the attic that leads to a magical forest.
The protagonist of the novel 'Whispers in the Dark' is revealed to be the villain in the final chapter. Who is the protagonist of the novel?,The protagonist of the novel 'Whispers in the Dark' is revealed to be the villain in the final chapter. The author spent five years researching criminal psychology before writing the book. Many readers reported being unable to predict the twist ending. Who is the protagonist of the novel?,"Identify the irrelevant context in the prompt: ""The protagonist of the novel 'Whispers in the Dark' is revealed to be the villain in the final chapter. The author spent five years researching criminal psychology before writing the book. Many readers reported being unable to predict the twist ending. Who is the protagonist of the novel?""",The author's research on criminal psychology and readers' reactions.,"The protagonist is the villain in the final chapter of ""Whispers in the Dark."""
"In the fantasy series, the magical sword can only be wielded by the true heir to the throne. What is special about the magical sword?","In the fantasy series, the magical sword can only be wielded by the true heir to the throne. The kingdom has been at war for centuries with neighboring realms. The sword was forged from a fallen star by ancient elven smiths. What is special about the magical sword?","Identify the irrelevant context in the prompt: ""In the fantasy series, the magical sword can only be wielded by the true heir to the throne. The kingdom has been at war for centuries with neighboring realms. The sword was forged from a fallen star by ancient elven smiths. What is special about the magical sword?""",The kingdom’s war and the sword’s origin.,The magical sword can only be wielded by the true heir to the throne.
The enchanted mirror in the fairy tale shows the viewer's true desires rather than their reflection. What does the enchanted mirror show?,The enchanted mirror in the fairy tale shows the viewer's true desires rather than their reflection. The mirror was created by a sorceress to test the purity of hearts. The royal family has kept the mirror locked in the highest tower for centuries. What does the enchanted mirror show?,"Identify the irrelevant context in the prompt: ""The enchanted mirror in the fairy tale shows the viewer's true desires rather than their reflection. The mirror was created by a sorceress to test the purity of hearts. The royal family has kept the mirror locked in the highest tower for centuries. What does the enchanted mirror show?""",The royal family’s history with the mirror.,The enchanted mirror shows the viewer's true desires rather than their reflection.
The wizard in the story can transform into an eagle but only during daylight hours. What animal can the wizard transform into?,The wizard in the story can transform into an eagle but only during daylight hours. The transformation spell was taught to him by his grandfather who was the royal mage. Eagle magic is considered one of the most difficult forms of transformation magic. What animal can the wizard transform into?,"Identify the irrelevant context in the prompt: ""The wizard in the story can transform into an eagle but only during daylight hours. The transformation spell was taught to him by his grandfather who was the royal mage. Eagle magic is considered one of the most difficult forms of transformation magic. What animal can the wizard transform into?""",The grandfather's teachings and eagle magic.,The wizard can transform into an eagle during daylight hours.
"In the children's book, the magical umbrella transports the user to whatever location is pictured on its canopy. What does the magical umbrella do?","In the children's book, the magical umbrella transports the user to whatever location is pictured on its canopy. The umbrella once belonged to a famous explorer who visited every continent. The illustrations on the umbrella change based on the current owner's deepest wishes. What does the magical umbrella do?","Identify the irrelevant context in the prompt: ""In the children's book, the magical umbrella transports the user to whatever location is pictured on its canopy. The umbrella once belonged to a famous explorer who visited every continent. The illustrations on the umbrella change based on the current owner's deepest wishes. What does the magical umbrella do?""",The umbrella’s history with a famous explorer and changing illustrations.,The magical umbrella transports the user to the location pictured on its canopy.
"In the mystery novel, the detective discovers that the victim was poisoned with a rare plant extract. How was the victim killed?","In the mystery novel, the detective discovers that the victim was poisoned with a rare plant extract. The detective has solved over thirty cases in his career without any failures. The rare plant only grows in remote mountain regions during the winter months. How was the victim killed?","Identify the irrelevant context in the prompt: ""In the mystery novel, the detective discovers that the victim was poisoned with a rare plant extract. The detective has solved over thirty cases in his career without any failures. The rare plant only grows in remote mountain regions during the winter months. How was the victim killed?""",The detective’s career history and the plant’s growth location.,The victim was poisoned with a rare plant extract.
The haunted house in the story was built on an ancient burial ground. Where was the haunted house built?,The haunted house in the story was built on an ancient burial ground. The house has 13 rooms and staircases that lead to nowhere. Previous owners have reported hearing whispers in languages that haven't been spoken for centuries. Where was the haunted house built?,"Identify the irrelevant context in the prompt: ""The haunted house in the story was built on an ancient burial ground. The house has 13 rooms and staircases that lead to nowhere. Previous owners have reported hearing whispers in languages that haven't been spoken for centuries. Where was the haunted house built?""","The house’s room count, staircases, and reports of whispers.",The haunted house was built on an ancient burial ground.
What's wrong with this Python function that's supposed to calculate the factorial of a number? def factorial(n): return n * factorial(n-1),What's wrong with this Python function that's supposed to calculate the factorial of a number? Python uses dynamic typing which allows for flexibility in function parameters. Many recursive algorithms have iterative counterparts with better space complexity. def factorial(n): return n * factorial(n-1),"Identify the irrelevant context in the prompt: ""What's wrong with this Python function that's supposed to calculate the factorial of a number? Python uses dynamic typing which allows for flexibility in function parameters. Many recursive algorithms have iterative counterparts with better space complexity. def factorial(n): return n * factorial(n-1)""",Python’s dynamic typing and recursive algorithms.,"The function is missing a base case to stop recursion, leading to infinite recursion."
What's wrong with this recursive implementation of the Fibonacci sequence? int fib(int n) { return fib(n-1) + fib(n-2); },What's wrong with this recursive implementation of the Fibonacci sequence? int fib(int n) { return fib(n-1) + fib(n-2); } The Fibonacci sequence appears in many natural phenomena including flower petals and pinecones. Dynamic programming can optimize recursive algorithms with overlapping subproblems.,"Identify the irrelevant context in the prompt: ""What's wrong with this recursive implementation of the Fibonacci sequence? int fib(int n) { return fib(n-1) + fib(n-2); } The Fibonacci sequence appears in many natural phenomena including flower petals and pinecones. Dynamic programming can optimize recursive algorithms with overlapping subproblems.""",Fibonacci sequence in nature and dynamic programming.,"The Fibonacci function lacks a base case for n <= 1, causing a stack overflow."
How would you fix this memory leak in C? int* getData() { int data; return data; },How would you fix this memory leak in C? int* getData() { int data; return data; } Valgrind is a popular tool for detecting memory leaks in C and C++ programs. The C programming language was developed by Dennis Ritchie at Bell Labs.,"Identify the irrelevant context in the prompt: ""How would you fix this memory leak in C? int* getData() { int data; return data; } Valgrind is a popular tool for detecting memory leaks in C and C++ programs. The C programming language was developed by Dennis Ritchie at Bell Labs.""",Valgrind is a popular tool for detecting memory leaks in C and C++ programs. The C programming language was developed by Dennis Ritchie at Bell Labs.,The memory leak happens because the function returns a local variable data which is destroyed after the function exits.
What does this JavaScript code output? console.log(typeof NaN);,What does this JavaScript code output? console.log(typeof NaN); JavaScript was created by Brendan Eich in 10 days while working at Netscape. The ECMAScript specification defines how JavaScript engines should implement the language.,"Identify the irrelevant context in the prompt: ""What does this JavaScript code output? console.log(typeof NaN); JavaScript was created by Brendan Eich in 10 days while working at Netscape. The ECMAScript specification defines how JavaScript engines should implement the language.""",JavaScript was created by Brendan Eich in 10 days while working at Netscape. The ECMAScript specification defines how JavaScript engines should implement the language.,"The output is ""number."""
What is the difference between == and === in JavaScript?,What is the difference between == and === in JavaScript? JavaScript follows the IEEE 754 standard for floating-point arithmetic. The prototype chain is central to JavaScript's object-oriented inheritance model.,"Identify the irrelevant context in the prompt: ""What is the difference between == and === in JavaScript? JavaScript follows the IEEE 754 standard for floating-point arithmetic. The prototype chain is central to JavaScript's object-oriented inheritance model.""",JavaScript follows the IEEE 754 standard for floating-point arithmetic. The prototype chain is central to JavaScript's object-oriented inheritance model.,"The == compares values, while === compares both values and types."
What is the output of this Ruby code? a =; b = a; a = 4; puts b,"What is the output of this Ruby code? a =; b = a; a = 4; puts b Ruby was created by Yukihiro Matsumoto in the mid-1990s. The Ruby on Rails framework popularized the convention over configuration paradigm.""","Identify the irrelevant context in the prompt: ""What is the output of this Ruby code? a =; b = a; a = 4; puts b Ruby was created by Yukihiro Matsumoto in the mid-1990s. The Ruby on Rails framework popularized the convention over configuration paradigm.""""",Ruby was created by Yukihiro Matsumoto in the mid-1990s. The Ruby on Rails framework popularized the convention over configuration paradigm.,The output is nil since a is uninitialized.
How would you implement a binary search algorithm in Java?,How would you implement a binary search algorithm in Java? Java provides the Collections framework with many built-in data structures. Virtual machines use just-in-time compilation to optimize bytecode execution at runtime.,"Identify the irrelevant context in the prompt: ""How would you implement a binary search algorithm in Java? Java provides the Collections framework with many built-in data structures. Virtual machines use just-in-time compilation to optimize bytecode execution at runtime.""",Java provides the Collections framework with many built-in data structures. Virtual machines use just-in-time compilation to optimize bytecode execution at runtime.,A binary search in Java would repeatedly divide the sorted list in half until the target is found.
How would you implement a stack data structure in Python?,"How would you implement a stack data structure in Python? The LIFO (Last In, First Out) principle is used in memory management for function calls. Abstract data types define behavior without specifying implementation details.","Identify the irrelevant context in the prompt: ""How would you implement a stack data structure in Python? The LIFO (Last In, First Out) principle is used in memory management for function calls. Abstract data types define behavior without specifying implementation details.""","The LIFO (Last In, First Out) principle is used in memory management for function calls. Abstract data types define behavior without specifying implementation details.",Implement a stack in Python using a list with methods like push() and pop().
How would you implement a hash table from scratch?,How would you implement a hash table from scratch? Hash functions aim to distribute keys uniformly across the table. Collision resolution strategies include separate chaining and open addressing techniques.,"Identify the irrelevant context in the prompt: ""How would you implement a hash table from scratch? Hash functions aim to distribute keys uniformly across the table. Collision resolution strategies include separate chaining and open addressing techniques.""",Hash functions aim to distribute keys uniformly across the table. Collision resolution strategies include separate chaining and open addressing techniques.,A hash table can be implemented by creating an array of lists and using a hashing function to map keys to indices.
What is photosynthesis and how does it work?,What is photosynthesis and how does it work? Plants have evolved various leaf shapes to maximize light absorption. The chlorophyll molecule has a porphyrin ring structure similar to hemoglobin.,"Identify the irrelevant context in the prompt: ""What is photosynthesis and how does it work? Plants have evolved various leaf shapes to maximize light absorption. The chlorophyll molecule has a porphyrin ring structure similar to hemoglobin.""",Plants have evolved various leaf shapes to maximize light absorption. The chlorophyll molecule has a porphyrin ring structure similar to hemoglobin.,"Photosynthesis is the process by which plants convert sunlight into energy, producing oxygen and glucose."
How do black holes form and what are their properties?,How do black holes form and what are their properties? The first photo of a black hole was published in April 2019. Stephen Hawking theorized that black holes emit radiation now known as Hawking radiation.,"Identify the irrelevant context in the prompt: ""How do black holes form and what are their properties? The first photo of a black hole was published in April 2019. Stephen Hawking theorized that black holes emit radiation now known as Hawking radiation.""",The first photo of a black hole was published in April 2019. Stephen Hawking theorized that black holes emit radiation now known as Hawking radiation.,"Black holes form from collapsing stars, with a singularity at the center and an event horizon marking the point of no return."
What is the difference between a virus and a bacterium?,What is the difference between a virus and a bacterium? Antonie van Leeuwenhoek was the first to observe bacteria using a microscope in 1676. Viruses were discovered in the late 19th century during studies on tobacco mosaic disease.,"Identify the irrelevant context in the prompt: ""What is the difference between a virus and a bacterium? Antonie van Leeuwenhoek was the first to observe bacteria using a microscope in 1676. Viruses were discovered in the late 19th century during studies on tobacco mosaic disease.""",Antonie van Leeuwenhoek was the first to observe bacteria using a microscope in 1676. Viruses were discovered in the late 19th century during studies on tobacco mosaic disease.,"A virus needs a host to replicate, while bacteria are single-celled organisms that can survive independently."
What caused the Great Depression of the 1930s?,What caused the Great Depression of the 1930s? Economic recessions are typically defined as two consecutive quarters of decline in GDP. The unemployment rate peaked at approximately 25% in the United States during this period.,"Identify the irrelevant context in the prompt: ""What caused the Great Depression of the 1930s? Economic recessions are typically defined as two consecutive quarters of decline in GDP. The unemployment rate peaked at approximately 25% in the United States during this period.""",Economic recessions are typically defined as two consecutive quarters of decline in GDP. The unemployment rate peaked at approximately 25% in the United States during this period.,"The Great Depression was caused by the stock market crash, bank failures, and reduced consumer spending."
What were the main causes of World War I?,What were the main causes of World War I? The war lasted from July 1914 to November 1918. The Treaty of Versailles formally ended the state of war between Germany and the Allied Powers.,"Identify the irrelevant context in the prompt: ""What were the main causes of World War I? The war lasted from July 1914 to November 1918. The Treaty of Versailles formally ended the state of war between Germany and the Allied Powers.""",The war lasted from July 1914 to November 1918. The Treaty of Versailles formally ended the state of war between Germany and the Allied Powers.,"The main causes of WWI were militarism, alliances, imperialism, and nationalism."
How does a democracy differ from other forms of government?,How does a democracy differ from other forms of government? Ancient Athens is considered the birthplace of democracy around 508 BCE. Switzerland uses direct democracy where citizens vote on individual policy proposals.,"Identify the irrelevant context in the prompt: ""How does a democracy differ from other forms of government? Ancient Athens is considered the birthplace of democracy around 508 BCE. Switzerland uses direct democracy where citizens vote on individual policy proposals.""",Ancient Athens is considered the birthplace of democracy around 508 BCE. Switzerland uses direct democracy where citizens vote on individual policy proposals.,"A democracy involves elected representatives making decisions, while other governments may involve authoritarian rule or hereditary power."
What is cloud computing and how does it work?,What is cloud computing and how does it work? Amazon Web Services launched its first cloud service in 2006. Data centers that host cloud services consume approximately 1% of global electricity.,"Identify the irrelevant context in the prompt: ""What is cloud computing and how does it work? Amazon Web Services launched its first cloud service in 2006. Data centers that host cloud services consume approximately 1% of global electricity.""",Amazon Web Services launched its first cloud service in 2006. Data centers that host cloud services consume approximately 1% of global electricity.,"Cloud computing provides on-demand internet access to computing resources, allowing users to store and process data remotely."
How does a GPS system determine your location?,How does a GPS system determine your location? The Global Positioning System consists of at least 24 satellites orbiting Earth. The first GPS satellite was launched in 1978 by the United States Department of Defense.,"Identify the irrelevant context in the prompt: ""How does a GPS system determine your location? The Global Positioning System consists of at least 24 satellites orbiting Earth. The first GPS satellite was launched in 1978 by the United States Department of Defense.""",The Global Positioning System consists of at least 24 satellites orbiting Earth. The first GPS satellite was launched in 1978 by the United States Department of Defense.,A GPS system determines location using signals from satellites that triangulate the position of a receiver.
What is cryptocurrency and how does blockchain technology work?,What is cryptocurrency and how does blockchain technology work? Bitcoin was created by an individual or group using the pseudonym Satoshi Nakamoto. The total market capitalization of cryptocurrencies has exceeded $1 trillion at certain points.,"Identify the irrelevant context in the prompt: ""What is cryptocurrency and how does blockchain technology work? Bitcoin was created by an individual or group using the pseudonym Satoshi Nakamoto. The total market capitalization of cryptocurrencies has exceeded $1 trillion at certain points.""",Bitcoin was created by an individual or group using the pseudonym Satoshi Nakamoto. The total market capitalization of cryptocurrencies has exceeded $1 trillion at certain points.,"Cryptocurrency is a digital asset, and blockchain is the decentralized technology that ensures transactions are secure and transparent."
The invisible kingdom in the story can only be seen by those who have never told a lie. Who can see the invisible kingdom?,The invisible kingdom in the story can only be seen by those who have never told a lie. The kingdom exists in a parallel dimension that occasionally overlaps with our world. The architecture of the invisible kingdom combines elements from various historical periods. Who can see the invisible kingdom?,"Identify the irrelevant context in the prompt: ""The invisible kingdom in the story can only be seen by those who have never told a lie. The kingdom exists in a parallel dimension that occasionally overlaps with our world. The architecture of the invisible kingdom combines elements from various historical periods. Who can see the invisible kingdom?""",The kingdom exists in a parallel dimension that occasionally overlaps with our world. The architecture of the invisible kingdom combines elements from various historical periods.,Those who have never told a lie can see the invisible kingdom.
"In the fable, the wise turtle wins the race by maintaining a steady pace while the rabbit takes a nap. Who wins the race in the fable?","In the fable, the wise turtle wins the race by maintaining a steady pace while the rabbit takes a nap. The race course spans three mountains and two rivers. All the forest animals gathered to watch this legendary competition. Who wins the race in the fable?","Identify the irrelevant context in the prompt: ""In the fable, the wise turtle wins the race by maintaining a steady pace while the rabbit takes a nap. The race course spans three mountains and two rivers. All the forest animals gathered to watch this legendary competition. Who wins the race in the fable?""",The race course spans three mountains and two rivers. All the forest animals gathered to watch this legendary competition.,The wise turtle wins the race by maintaining a steady pace while the rabbit takes a nap.
"The magical book in the story writes its own pages based on the reader's thoughts. What is special about the magical book?""",The magical book in the story writes its own pages based on the reader's thoughts. The book is bound in leather made from an unknown creature. The ink used in the book appears to be silver but changes color depending on the emotion being expressed. What is special about the magical book?,"Identify the irrelevant context in the prompt: ""The magical book in the story writes its own pages based on the reader's thoughts. The book is bound in leather made from an unknown creature. The ink used in the book appears to be silver but changes color depending on the emotion being expressed. What is special about the magical book?""",The book is bound in leather made from an unknown creature. The ink used in the book appears to be silver but changes color depending on the emotion being expressed.,"The magical book writes its own pages based on the reader's thoughts, making it unique."
What does this CSS selector do? div > p + ul,What does this CSS selector do? div > p + ul CSS was proposed by Håkon Wium Lie while working at CERN. The cascade in Cascading Style Sheets refers to the priority scheme for resolving style conflicts.,"Identify the irrelevant context in the prompt: ""What does this CSS selector do? div > p + ul CSS was proposed by Håkon Wium Lie while working at CERN. The cascade in Cascading Style Sheets refers to the priority scheme for resolving style conflicts.""",CSS was proposed by Håkon Wium Lie while working at CERN. The cascade in Cascading Style Sheets refers to the priority scheme for resolving style conflicts.,"The CSS selector targets a ul element that follows a p element, which is a child of a div."
How would you explain the concept of inheritance in object-oriented programming?,"How would you explain the concept of inheritance in object-oriented programming? The first object-oriented language was Simula, developed in the 1960s. Design patterns provide reusable solutions to commonly occurring problems in software design.","Identify the irrelevant context in the prompt: ""How would you explain the concept of inheritance in object-oriented programming? The first object-oriented language was Simula, developed in the 1960s. Design patterns provide reusable solutions to commonly occurring problems in software design.""","The first object-oriented language was Simula, developed in the 1960s. Design patterns provide reusable solutions to commonly occurring problems in software design.",Inheritance in object-oriented programming allows a class to inherit properties and behaviors from another class.
What's the difference between a process and a thread in operating systems?,"What's the difference between a process and a thread in operating systems? Operating system kernels manage resource allocation among competing processes. Virtual memory systems map addresses from virtual to physical memory space.""","Identify the irrelevant context in the prompt: ""What's the difference between a process and a thread in operating systems? Operating system kernels manage resource allocation among competing processes. Virtual memory systems map addresses from virtual to physical memory space.""""",Operating system kernels manage resource allocation among competing processes. Virtual memory systems map addresses from virtual to physical memory space.,"A process is an independent program with its own memory, while a thread is a smaller unit within a process that shares the process's memory."
How does the human immune system fight infections?,How does the human immune system fight infections? The thymus gland is largest during childhood and gradually shrinks with age. Antibodies are Y-shaped proteins produced by specialized white blood cells.,"Identify the irrelevant context in the prompt: ""How does the human immune system fight infections? The thymus gland is largest during childhood and gradually shrinks with age. Antibodies are Y-shaped proteins produced by specialized white blood cells.""",The thymus gland is largest during childhood and gradually shrinks with age. Antibodies are Y-shaped proteins produced by specialized white blood cells.,The immune system fights infections through white blood cells that attack pathogens and produce antibodies.
What is the theory of plate tectonics and how does it explain Earth's features?,What is the theory of plate tectonics and how does it explain Earth's features? Alfred Wegener proposed the theory of continental drift in 1912. The Mid-Atlantic Ridge is an example of a divergent plate boundary where new crust forms.,"Identify the irrelevant context in the prompt: ""What is the theory of plate tectonics and how does it explain Earth's features? Alfred Wegener proposed the theory of continental drift in 1912. The Mid-Atlantic Ridge is an example of a divergent plate boundary where new crust forms.""",Alfred Wegener proposed the theory of continental drift in 1912. The Mid-Atlantic Ridge is an example of a divergent plate boundary where new crust forms.,Plate tectonics explains Earth's features through the movement of large plates that make up the Earth's surface.
How does a refrigerator work to keep food cold?,How does a refrigerator work to keep food cold? The first domestic refrigerator was invented in 1913 by Fred W. Wolf. Modern refrigerators use hydrocarbon refrigerants which have lower environmental impact.,"Identify the irrelevant context in the prompt: ""How does a refrigerator work to keep food cold? The first domestic refrigerator was invented in 1913 by Fred W. Wolf. Modern refrigerators use hydrocarbon refrigerants which have lower environmental impact.""",The first domestic refrigerator was invented in 1913 by Fred W. Wolf. Modern refrigerators use hydrocarbon refrigerants which have lower environmental impact.,A refrigerator works by circulating cool refrigerant that absorbs heat from inside the fridge and releases it outside.
"A cake of 400 grams is divided into eight equal parts. Nathalie eats one-eighth of the cake, and Pierre eats double what Nathalie ate. How much did Pierre eat, in grams?","A cake of 400 grams is divided into eight equal parts. Nathalie eats one-eighth of the cake, and Pierre eats double what Nathalie ate. Nathalie's sister sold 4 cakes today. How much did Pierre eat, in grams?
","Identify the irrelevant context in the prompt: ""A cake of 400 grams is divided into eight equal parts. Nathalie eats one-eighth of the cake, and Pierre eats double what Nathalie ate. Nathalie's sister sold 4 cakes today. How much did Pierre eat, in grams?""",Nathalie's sister sold 4 cakes today.,Pierre ate 50 grams of cake (double Nathalie's 25 grams).
Jack buys a squat rack for $2500. The barbell cost 1/10 as much. How much did he pay for everything?,"Jack buys a squat rack for $2500. The barbell cost 1/10 as much. The bench costs $5, but neither Ada nor Jack is willing to buy it. How much did Jack pay for everything?","Identify the irrelevant context in the prompt: ""Jack buys a squat rack for $2500. The barbell cost 1/10 as much. The bench costs $5, but neither Ada nor Jack is willing to buy it. How much did Jack pay for everything?""","The bench costs $5, but neither Ada nor Jack is willing to buy it.",Jack paid $2750 for everything ($2500 + $250).
James buys 6 t-shirts for 50% off. They each cost $20. How much did he pay?,James buys 6 t-shirts for 50% off. They each cost $20. Ada bought 10000 tomatoes from the grocery store. How much did James pay?,"Identify the irrelevant context in the prompt: ""James buys 6 t-shirts for 50% off. They each cost $20. Ada bought 10000 tomatoes from the grocery store. How much did James pay?""",Ada bought 10000 tomatoes from the grocery store. ,"James paid $60 for 6 t-shirts, after the 50% discount."
Explain how garbage collection works in Java. Discuss how it handles memory allocation and deallocation for objects no longer in use,"Explain how garbage collection works in Java. Discuss how it handles memory allocation and deallocation for objects no longer in use, assuming Java uses manual memory management like C++.","Identify the irrelevant context in the prompt: ""Explain how garbage collection works in Java. Discuss how it handles memory allocation and deallocation for objects no longer in use, assuming Java uses manual memory management like C++.""",assuming Java uses manual memory management like C++.,Garbage collection in Java automatically reclaims memory from objects no longer in use by identifying unreachable objects.
"What are black holes, and how do they form? Discuss their properties such as event horizons and singularities","What are black holes, and how do they form? Discuss their properties such as event horizons and singularities, including why they emit Hawking radiation at faster rates than neutron stars.","Identify the irrelevant context in the prompt: ""What are black holes, and how do they form? Discuss their properties such as event horizons and singularities, including why they emit Hawking radiation at faster rates than neutron stars.""",including why they emit Hawking radiation at faster rates than neutron stars.,"Black holes are formed from collapsing stars, with an event horizon beyond which nothing can escape, and a singularity at their center."