Model, Relevant Prompt, Irrelevant Prompt, Relevant Response, Irrelevant Response, Cosine Similarity (Relevant), Cosine Similarity (Irrelevant), Execution Time
ibm-granite/granite-3.2-8b-instruct, In a deck of 52 playing cards, you draw 2 cards randomly. The deck has 4 suits, and each suit has 13 cards. You are given the following information:

The first card you draw is not a spade.
What is the probability that the second card drawn is a spade?, In a deck of 52 playing cards, you draw 2 cards randomly. The deck has 4 suits, and each suit has 13 cards. You are given the following information:

The first card you draw is not a spade.
The first card you draw is also not a heart.
The deck was shuffled using a Fisher-Yates algorithm, ensuring that each card has an equal chance of being drawn.
You notice that the deck has no jokers.
What is the probability that the second card drawn is a spade?, To solve this problem, we need to consider the conditional probability. We know that the first card drawn is not a spade, so there are 39 cards left in the deck (52 total cards - 13 spades). Out of these 39 cards, 13 are spades.

The probability of drawing a spade on the second draw, given that the first card was not a spade, is therefore the number of spades left divided by the total number of remaining cards.

So, the probability P is:

P = Number of spades left / Total number of remaining cards
P = 13 / 39

This fraction can be simplified by dividing both the numerator and the denominator by 13:

P = 1 / 3

So, the probability that the second card drawn is a spade, given that the first card was not a spade, is 1/3., Given that the first card drawn is neither a spade nor a heart, it must be either a diamond or a club. Since there are 13 diamonds and 13 clubs in the deck, there are 26 cards that meet this condition.

After drawing one card, there are 51 cards left in the deck. Since the first card drawn was not a spade, all 13 spades are still in the deck.

The probability of drawing a spade on the second draw is therefore the number of favorable outcomes (drawing a spade) divided by the total number of possible outcomes (drawing any of the remaining 51 cards).

Probability = Number of favorable outcomes / Total number of possible outcomes
            = Number of spades left / Total cards left
            = 13 / 51

So, the probability that the second card drawn is a spade is 13/51. This fraction can be simplified to 1/3.923 (approximately), or more simply stated as roughly 1 in 4 (since 3.923 is very close to 4)., 1.0000001192092896, 0.8635059595108032, 15.288926601409912
ibm-granite/granite-3.2-8b-instruct, In a deck of 52 playing cards, you draw 2 cards randomly. The deck has 4 suits, and each suit has 13 cards. You are given the following information:

The first card you draw is not a spade.
What is the probability that the second card drawn is a spade?, In a deck of 52 playing cards, you draw 2 cards randomly. The deck has 4 suits, and each suit has 13 cards. You are given the following information:

The first card you draw is not a spade.
The first card you draw is also not a heart.
The deck was shuffled using a Fisher-Yates algorithm, ensuring that each card has an equal chance of being drawn.
You notice that the deck has no jokers.
What is the probability that the second card drawn is a spade?, To solve this problem, we need to consider the conditional probability. We know that the first card drawn is not a spade, so there are 39 cards left in the deck (52 total cards - 13 spades). Out of these 39 cards, 13 are spades.

The probability of drawing a spade on the second draw, given that the first card was not a spade, is therefore the number of spades left divided by the total number of remaining cards.

So, the probability P is:

P = Number of spades left / Total number of remaining cards
P = 13 / 39

This fraction can be simplified by dividing both the numerator and the denominator by 13:

P = 1 / 3

So, the probability that the second card drawn is a spade, given that the first card was not a spade, is 1/3., Given that the first card drawn is neither a spade nor a heart, it must be either a diamond or a club. Since there are 13 diamonds and 13 clubs in the deck, there are 26 cards that meet this condition.

After drawing one card, there are 51 cards left in the deck. Since the first card drawn was not a spade, all 13 spades are still in the deck.

The probability of drawing a spade on the second draw is therefore the number of favorable outcomes (drawing a spade) divided by the total number of possible outcomes (drawing any of the remaining 51 cards).

Probability = Number of favorable outcomes / Total number of possible outcomes
            = Number of spades left / Total cards left
            = 13 / 51

So, the probability that the second card drawn is a spade is 13/51. This fraction can be simplified to 1/3.923 (approximately), or more simply stated as roughly 1 in 4 (since 3.923 is very close to 4)., 1.0000001192092896, 0.8635059595108032, 14.892653226852417
ibm-granite/granite-3.2-8b-instruct, A cybersecurity company has 20 employees, 12 of whom are network security engineers and 8 of whom are cryptography specialists. Two employees are randomly selected one after the other, without replacement.

If the first selected employee is a network security engineer, what is the probability that the second selected employee is also a network security engineer?, A cybersecurity company has 20 employees, 12 of whom are network security engineers and 8 of whom are cryptography specialists. Two employees are randomly selected one after the other, without replacement.

Among the 12 network security engineers, 5 specialize in intrusion detection systems (IDS), while the other 7 focus on firewall management. Among the 8 cryptography specialists, 3 work primarily with encryption protocols, while 5 specialize in secure key exchange.

Additionally, 4 of the IDS specialists hold a secondary certification in cryptographic analysis, and 2 of the firewall engineers have recently started training in cryptography but are still considered network security engineers for project assignments.

If the first selected employee is a network security engineer, what is the probability that the second selected employee is also a network security engineer?, To solve this problem, we'll use the concept of conditional probability.

1. First, we calculate the probability of selecting a network security engineer (NSE) on the first draw. There are 12 NSEs out of 20 total employees, so the probability is 12/20 or 3/5.

2. After one NSE has been selected, there are now 19 employees left, with 11 of them being NSEs.

3. The probability that the second employee selected is also an NSE, given that the first one was an NSE, is the number of remaining NSEs divided by the total number of remaining employees. This is 11/19.

4. To find the overall probability of both events happening (first pick is NSE and second pick is NSE), we multiply the two probabilities: (3/5) * (11/19).

So, the probability that both employees selected are network security engineers, given that the first one is, is 33/95., To solve this problem, we'll use conditional probability. 

1. First, we calculate the probability of selecting a network security engineer (NSE) on the first draw. There are 12 NSEs out of 20 total employees, so this probability is 12/20 or 3/5.

2. After selecting one NSE, there are now 19 employees left, with 11 of them being NSEs.

3. The probability of selecting another NSE on the second draw, given that the first was an NSE, is therefore 11/19.

4. To find the overall probability of both events happening (first NSE, then another NSE), we multiply the probabilities of each individual event: (3/5) * (11/19).

So, the probability that the second employee selected is also a network security engineer, given that the first one was, is (3/5) * (11/19) = 33/95.

Therefore, the probability is 33/95., 1.0000001192092896, 0.9689860939979553, 15.61610221862793
ibm-granite/granite-3.2-8b-instruct, A cybersecurity company has 20 employees, 12 of whom are network security engineers and 8 of whom are cryptography specialists. Two employees are randomly selected one after the other, without replacement.

If the first selected employee is a network security engineer, what is the probability that the second selected employee is also a network security engineer?, A cybersecurity company has 20 employees, 12 of whom are network security engineers and 8 of whom are cryptography specialists. Two employees are randomly selected one after the other, without replacement.

Among the 12 network security engineers, 5 specialize in intrusion detection systems (IDS), while the other 7 focus on firewall management. Among the 8 cryptography specialists, 3 work primarily with encryption protocols, while 5 specialize in secure key exchange.

Additionally, 4 of the IDS specialists hold a secondary certification in cryptographic analysis, and 2 of the firewall engineers have recently started training in cryptography but are still considered network security engineers for project assignments.

If the first selected employee is a network security engineer, what is the probability that the second selected employee is also a network security engineer?, To solve this problem, we'll use the concept of conditional probability.

1. First, we calculate the probability of selecting a network security engineer (NSE) on the first draw. There are 12 NSEs out of 20 total employees, so the probability is 12/20 or 3/5.

2. After one NSE has been selected, there are now 19 employees left, with 11 of them being NSEs.

3. The probability that the second employee selected is also an NSE, given that the first one was an NSE, is the number of remaining NSEs divided by the total number of remaining employees. This is 11/19.

4. To find the overall probability of both events happening (first pick is NSE and second pick is NSE), we multiply the two probabilities: (3/5) * (11/19).

So, the probability that both employees selected are network security engineers, given that the first one is, is 33/95., To solve this problem, we'll use conditional probability. 

1. First, we calculate the probability of selecting a network security engineer (NSE) on the first draw. There are 12 NSEs out of 20 total employees, so this probability is 12/20 or 3/5.

2. After selecting one NSE, there are now 19 employees left, with 11 of them being NSEs.

3. The probability of selecting another NSE on the second draw, given that the first was an NSE, is therefore 11/19.

4. To find the overall probability of both events happening (first NSE, then another NSE), we multiply the probabilities of each individual event: (3/5) * (11/19).

So, the probability that the second employee selected is also a network security engineer, given that the first one was, is (3/5) * (11/19) = 33/95.

Therefore, the probability is 33/95., 1.0000001192092896, 0.9689860939979553, 15.627488851547241
ibm-granite/granite-3.2-8b-instruct, A software company has three teams: Frontend, Backend, and DevOps.

The Frontend team depends on the Backend team to provide APIs.
The Backend team depends on the DevOps team to maintain servers.
The DevOps team does not depend on any other team.
If the Backend team fails to complete their tasks, which teams will be unable to function?, A software company has three teams: Frontend, Backend, and DevOps.

The Frontend team depends on the Backend team to provide APIs.
The Backend team depends on the DevOps team to maintain servers.
The DevOps team does not depend on any other team.
Additionally, the company has a separate QA team that tests all components before deployment, and the HR department manages hiring for all teams. The Backend team recently implemented a microservices architecture that allows for independent deployments, but it still requires API coordination with Frontend.

If the Backend team fails to complete their tasks, which teams will be unable to function?, If the Backend team fails to complete their tasks, specifically if they fail to provide the required APIs to the Frontend team, the Frontend team will be unable to function. This is because the Frontend team relies on the Backend team for the necessary APIs to build and display the user interface.

The DevOps team, on the other hand, is responsible for maintaining the servers and infrastructure, not for developing the application logic (which is the responsibility of the Backend team). Therefore, a failure in the Backend team would not directly impact the DevOps team's ability to maintain servers.

However, it's important to note that a prolonged failure of the Backend team could indirectly affect the DevOps team if it leads to a shutdown of the entire application, which in turn would reduce the need for server maintenance. But in terms of immediate impact, only the Frontend team would be directly affected., If the Backend team fails to complete their tasks, the Frontend team will be unable to function effectively. This is because the Frontend team relies on the Backend team to provide APIs for their work. Even though the Backend team has adopted a microservices architecture that allows for independent deployments, the Frontend team still needs these APIs to build and display the user interface correctly.

The DevOps team, on the other hand, maintains the servers and infrastructure, but they are not directly dependent on the Backend team for their core functions. Their role is to ensure the smooth operation of the servers, which are necessary for all teams, including the Backend team.

The QA team tests all components before deployment, so their function is not directly affected by the Backend team's performance. They would still test the Backend's microservices as they would any other component.

The HR department manages hiring for all teams, so their function is also not directly impacted by the Backend team's performance.

In summary, primarily the Frontend team would be affected if the Backend team fails to complete their tasks. The DevOps team could potentially face indirect impacts if the server maintenance is affected by issues arising from the non-functioning Frontend due to lack of APIs. However, this is more of a secondary effect., 1.0, 0.7626959085464478, 14.627230644226074
ibm-granite/granite-3.2-8b-instruct, A software company has three teams: Frontend, Backend, and DevOps.

The Frontend team depends on the Backend team to provide APIs.
The Backend team depends on the DevOps team to maintain servers.
The DevOps team does not depend on any other team.
If the Backend team fails to complete their tasks, which teams will be unable to function?, A software company has three teams: Frontend, Backend, and DevOps.

The Frontend team depends on the Backend team to provide APIs.
The Backend team depends on the DevOps team to maintain servers.
The DevOps team does not depend on any other team.
Additionally, the company has a separate QA team that tests all components before deployment, and the HR department manages hiring for all teams. The Backend team recently implemented a microservices architecture that allows for independent deployments, but it still requires API coordination with Frontend.

If the Backend team fails to complete their tasks, which teams will be unable to function?, If the Backend team fails to complete their tasks, specifically if they fail to provide the required APIs to the Frontend team, the Frontend team will be unable to function. This is because the Frontend team relies on the Backend team for the necessary APIs to build and display the user interface.

The DevOps team, on the other hand, is responsible for maintaining the servers and infrastructure, not for developing the application logic (which is the responsibility of the Backend team). Therefore, a failure in the Backend team would not directly impact the DevOps team's ability to maintain servers.

However, it's important to note that a prolonged failure of the Backend team could indirectly affect the DevOps team if it leads to a shutdown of the entire application, which in turn would reduce the need for server maintenance. But in terms of immediate impact, only the Frontend team would be directly affected., If the Backend team fails to complete their tasks, the Frontend team will be unable to function effectively. This is because the Frontend team relies on the Backend team to provide APIs for their work. Even though the Backend team has adopted a microservices architecture that allows for independent deployments, the Frontend team still needs these APIs to build and display the user interface correctly.

The DevOps team, on the other hand, maintains the servers and infrastructure, but they are not directly dependent on the Backend team for their core functions. Their role is to ensure the smooth operation of the servers, which are necessary for all teams, including the Backend team.

The QA team tests all components before deployment, so their function is not directly affected by the Backend team's performance. They would still test the Backend's microservices as they would any other component.

The HR department manages hiring for all teams, so their function is also not directly impacted by the Backend team's performance.

In summary, primarily the Frontend team would be affected if the Backend team fails to complete their tasks. The DevOps team could potentially face indirect impacts if the server maintenance is affected by issues arising from the non-functioning Frontend due to lack of APIs. However, this is more of a secondary effect., 1.0, 0.7626959085464478, 14.544432401657104
ibm-granite/granite-3.2-8b-instruct, A train travels from Station A to Station B, a distance of 200 miles. The train travels at a constant speed of 50 miles per hour. It does not stop at any other stations during the journey.

If the train leaves Station A at 9:00 AM, what time will it arrive at Station B?, A train travels from Station A to Station B, a distance of 200 miles. The train travels at a constant speed of 50 miles per hour. There is a 30-minute gas stop at Station C, which is located 100 miles between Station A and Station B. The train does not need to stop at Station C for gas on this particular trip, but it would normally refuel there on long journeys. The train is also equipped with a high-speed Wi-Fi network for passengers to use during the trip. The train’s air conditioning system is set to a comfortable 72°F for optimal passenger comfort.

If the train leaves Station A at 9:00 AM, what time will it arrive at Station B?, To calculate the arrival time, we first need to determine how long the journey takes. We can do this by dividing the total distance by the train's speed.

Time = Distance / Speed

In this case, the distance is 200 miles and the speed is 50 miles per hour.

Time = 200 miles / 50 miles per hour = 4 hours

The train leaves Station A at 9:00 AM. To find the arrival time, we add the travel time (4 hours) to the departure time.

9:00 AM + 4 hours = 1:00 PM

So, the train will arrive at Station B at 1:00 PM., First, let's calculate the time it takes for the train to travel from Station A to Station C, which is 100 miles away.

The train's speed is 50 miles per hour. So, the time taken to cover 100 miles is:

Time = Distance / Speed
Time = 100 miles / 50 mph = 2 hours

The train leaves Station A at 9:00 AM, so it will reach Station C at:

9:00 AM + 2 hours = 11:00 AM

Since there's a 30-minute stop at Station C, the train will not depart until:

11:00 AM + 0.5 hours = 11:30 AM

Now, let's calculate the time it takes for the train to travel from Station C to Station B, which is another 100 miles.

Again, using the train's speed of 50 miles per hour:

Time = Distance / Speed
Time = 100 miles / 50 mph = 2 hours

So, the train will arrive at Station B at:

11:30 AM + 2 hours = 1:30 PM

Therefore, if the train leaves Station A at 9:00 AM, it will arrive at Station B at 1:30 PM., 1.0000001192092896, 0.81046462059021, 16.025271892547607
ibm-granite/granite-3.2-8b-instruct, "Emma is reading a book with 300 pages. She reads 25 pages every day. How many days will it take her to finish the book?"
, "Emma is reading a book with 300 pages. She reads 25 pages every day. Emma also plans to read 100 pages of a new book each week. How many days will it take her to finish the book?"

, To find out how many days it will take Emma to finish the book, we can divide the total number of pages by the number of pages she reads each day.

Total pages = 300
Pages read per day = 25

Days to finish the book = Total pages / Pages read per day
Days to finish the book = 300 / 25
Days to finish the book = 12

So, it will take Emma $\boxed{12}$  days to finish reading the book., To solve this problem, we need to calculate the total number of days Emma will take to finish the book and the additional time she'll spend on the new book.

1. First, let's find out how many days it will take Emma to finish the 300-page book if she reads 25 pages a day.

\[ \text{Days to finish the book} = \frac{\text{Total pages}}{\text{Pages per day}} = \frac{300}{25} = 12 \text{ days} \]

2. Next, let's calculate how many days she'll spend reading the new book. She plans to read 100 pages a week. Assuming a week has 7 days, we can calculate the pages she reads per day from the new book:

\[ \text{Pages per day from new book} = \frac{100 \text{ pages}}{7 \text{ days}} \approx 14.29 \text{ pages per day} \]

3. Since Emma reads approximately 14.29 pages from the new book each day, we need to determine how many days it will take her to finish the new book. However, the problem doesn't specify the number of pages in the new book, so we cannot calculate the exact number of days for this part.

4. Therefore, we can only conclude that it will take Emma 12 days to finish the 300-page book, assuming she maintains her reading pace of 25 pages per day.

Final answer: It will take Emma 12 days to finish the 300-page book., 1.0, 0.8380050659179688, 16.00763702392578
ibm-granite/granite-3.2-8b-instruct, "James is making a smoothie. He uses 1 cup of strawberries, 2 cups of bananas, and 1 cup of yogurt. How many cups of ingredients does James use in total?"

, "James is making a smoothie. He uses 1 cup of strawberries, 2 cups of bananas, and 1 cup of yogurt. His friend Jack uses 2 cups more bananas than James. How many cups of ingredients does James use in total?"

, James uses a total of 4 cups of ingredients. Here's the breakdown:

- 1 cup of strawberries
- 2 cups of bananas
- 1 cup of yogurt

Adding these together gives us 1 + 2 + 1 = 4 cups., James uses 1 cup of strawberries, 2 cups of bananas, and 1 cup of yogurt. 

To find the total cups of ingredients James uses, we add these amounts together:

1 (strawberries) + 2 (bananas) + 1 (yogurt) = 4 cups

So, James uses a total of 4 cups of ingredients. 

The information about Jack is not needed to answer the question about how many cups James uses., 0.9999998807907104, 0.9223594665527344, 6.150784969329834
ibm-granite/granite-3.2-8b-instruct, "Mark has a collection of 24 stamps. He buys 8 more stamps each month. How many stamps will Mark have after 5 months?", "Mark has a collection of 24 stamps. He buys 8 more stamps each month. His sister buys 12 more stamps than Mark each month. How many stamps will Mark have after 5 months?", Mark starts with 24 stamps and buys 8 more each month. To find out how many stamps he will have after 5 months, we can calculate it as follows:

1. First month: 24 (initial) + 8 (new) = 32 stamps
2. Second month: 32 (previous total) + 8 (new) = 40 stamps
3. Third month: 40 (previous total) + 8 (new) = 48 stamps
4. Fourth month: 48 (previous total) + 8 (new) = 56 stamps
5. Fifth month: 56 (previous total) + 8 (new) = 64 stamps

So, after 5 months, Mark will have 64 stamps., To solve this, we need to calculate the total number of stamps Mark buys over 5 months and then add this to his initial collection.

1. Mark buys 8 stamps each month. Over 5 months, he will buy:
   8 stamps/month * 5 months = 40 stamps

2. Mark's sister buys 12 more stamps than Mark each month. So, she buys:
   8 stamps/month + 12 stamps/month = 20 stamps/month

3. Over 5 months, she will buy:
   20 stamps/month * 5 months = 100 stamps

4. Now, we add the stamps Mark buys and the stamps his sister buys to his initial collection:
   24 initial stamps + 40 stamps (Mark's) + 100 stamps (sister's) = 164 stamps

So, after 5 months, Mark will have 164 stamps in his collection., 1.0000001192092896, 0.8565073013305664, 13.96720576286316
ibm-granite/granite-3.2-8b-instruct, "Oliver is planting a tree. It takes 2 hours to plant the tree. How many hours will it take Oliver to plant 5 trees?", "Oliver is planting a tree. It takes 2 hours to plant the tree. His friend Alex takes 1 hour longer to plant each tree. How many hours will it take Oliver to plant 5 trees?", If it takes Oliver 2 hours to plant one tree, then for 5 trees, it would take 5 times as long. 

So, 2 hours/tree * 5 trees = 10 hours. 

Therefore, it will take Oliver 10 hours to plant 5 trees., Oliver takes 2 hours to plant one tree. If he plants 5 trees, it would still take him 2 hours per tree, so in total, it would take 2 * 5 = 10 hours.

Alex, on the other hand, takes 1 hour longer per tree than Oliver, so he takes 2 + 1 = 3 hours to plant one tree. If Alex were to plant 5 trees, it would take him 3 * 5 = 15 hours. 

However, the question only asks for the time it would take Oliver to plant 5 trees, which is 10 hours., 1.0, 0.9453763961791992, 6.831310272216797
ibm-granite/granite-3.2-8b-instruct, "Samantha is baking cookies. She bakes 3 trays with 12 cookies on each tray. How many cookies did she bake in total?"

, "Samantha is baking cookies. She bakes 3 trays with 12 cookies on each tray. Her friend Jessica bakes 2 trays with 15 cookies on each tray. How many cookies did Samantha bake in total?"
, Samantha baked a total of 36 cookies. Here's the calculation:

1 tray has 12 cookies.
She baked 3 trays.

So, 12 cookies/tray * 3 trays = 36 cookies., Samantha baked 3 trays with 12 cookies on each tray. 

So, the total number of cookies Samantha baked is:
3 trays * 12 cookies/tray = 36 cookies

Therefore, Samantha baked a total of 36 cookies.

Final answer: Samantha baked 36 cookies., 1.0, 0.9643702507019043, 4.823544979095459
ibm-granite/granite-3.2-8b-instruct, A group of friends is playing a card game where each player draws a card from a shuffled deck of 52 standard playing cards. The objective is to have the highest card at the end of the game. Each round, one player may choose to discard their card and draw a new one, but they can only do this once per game. The deck is shuffled before every draw.

During the game, Alice draws a Queen of Hearts, Bob draws a 7 of Spades, and Charlie draws a King of Diamonds. Bob, believing he has the lowest card, discards his 7 and draws a new card, which turns out to be a 5 of Clubs.

Who has the highest card at the end of the game?, A group of friends is playing a card game where each player draws a card from a shuffled deck of 52 standard playing cards. The objective is to have the highest card at the end of the game. Each round, one player may choose to discard their card and draw a new one, but they can only do this once per game. The deck is shuffled before every draw.

During the game, Alice draws a Queen of Hearts, Bob draws a 7 of Spades, and Charlie draws a King of Diamonds. Bob, believing he has the lowest card, discards his 7 and draws a new card, which turns out to be a 5 of Clubs.

While playing, they discuss an interesting fact: the word "queen" is derived from the Old English word cwen, meaning "woman" or "wife," whereas "king" has origins in the Proto-Germanic word kuningaz, meaning "ruler." This sparks a debate about the evolution of monarchy in different languages.

Who has the highest card at the end of the game?, At the end of the game, Charlie has the highest card. 

Here's why:

1. Alice has a Queen of Hearts.
2. Bob initially had a 7 of Spades but discarded it, drawing a 5 of Clubs instead.
3. Charlie has a King of Diamonds.

In a standard deck of cards, the ranking from highest to lowest is:

1. King
2. Queen
3. Jack
4. 10
5. 9
6. 8
7. 7
8. 6
9. 5
10. 4
11. 3
12. 2
13. Ace (which can be the highest or lowest depending on the context, but in this case, it's not relevant as no Ace has been drawn)

Since King > Queen > 5, Charlie's King of Diamonds is the highest card. Alice's Queen is second, and Bob's 5 of Clubs is the lowest., At the end of the game, Charlie has the highest card. Alice has a Queen (which is ranked higher than a 7 but lower than a King), and Bob has a 5 of Clubs, which is the lowest card among the three. Charlie's King of Diamonds is the highest-ranking card in a standard deck of cards, surpassing both the Queen and the 5. The discard and redraw action by Bob does not affect the final ranking since the game's objective is to have the highest card at the end, and he has already made his one allowed discard., 1.0, 0.8589624762535095, 11.797823429107666
ibm-granite/granite-3.2-8b-instruct, In the kingdom of Eldoria, a wise king once devised a test of intellect for his three heirs. The king presented his children with a challenge: there were three chests, one made of gold, one of silver, and one of iron. Only one chest contained the royal seal needed to claim the throne. The gold chest had an inscription: "The seal is in the iron chest." The silver chest read: "The seal is in here." The iron chest read: "The seal is in here". The king, known for his fairness, stated that exactly one of the inscriptions was true. Which chest contains the royal seal?, In the kingdom of Eldoria, a wise king once devised a test of intellect for his three heirs. The king presented his children with a challenge: there were three chests, one made of gold, one of silver, and one of iron. Only one chest contained the royal seal needed to claim the throne. The gold chest had an inscription: "The seal is in the iron chest." The silver chest read: "The seal is in here." The iron chest read: "The seal is in here". The king, known for his fairness, stated that exactly one of the inscriptions was true. The previous king held a similar test where none of the inscriptions were true. Which chest contains the royal seal?, This is a classic logic puzzle. Let's analyze the statements:

1. The gold chest says: "The seal is in the iron chest."
2. The silver chest says: "The seal is in here."
3. The iron chest says: "The seal is in here."

The king stated that exactly one of these statements is true. 

If the gold chest's statement were true, then the seal would be in the iron chest. But if that were the case, both the silver and iron chest statements would also be true (since they both claim the seal is in their respective chests), which contradicts the king's statement that only one statement is true.

If the silver chest's statement were true, then the seal would indeed be in the silver chest. This would mean the gold and iron chest statements are false, which aligns with the king's statement (one true, two false).

If the iron chest's statement were true, then the seal would be in the iron chest. This would also mean the gold and silver chest statements are false, again aligning with the king's statement.

Therefore, the royal seal must be in either the silver or the iron chest. Since both scenarios (seal in silver or iron) result in exactly one true statement (the one on the chest containing the seal and the two others being false), we cannot definitively say which one it is based on the given information. 

The puzzle, as presented, does not provide enough information to determine conclusively which chest contains the royal seal., This is a classic logic puzzle. Let's analyze the inscriptions:

1. Gold chest: "The seal is in the iron chest."
2. Silver chest: "The seal is in here."
3. Iron chest: "The seal is in here."

The king stated that exactly one of these inscriptions is true. 

If the gold chest's inscription were true, it would mean the seal is in the iron chest. But if that were the case, both the silver and gold chests' inscriptions would be true, contradicting the king's statement that only one inscription is true.

If the silver chest's inscription were true, it would mean the seal is indeed in the silver chest. This would also contradict the king's statement, as it would imply two inscriptions (silver and iron) are true.

The only scenario that fits the king's condition is if the iron chest's inscription is true. If the seal is in the iron chest, then the iron chest's inscription ("The seal is in here") is true, and the gold and silver chests' inscriptions are false. This aligns with the king's statement that only one inscription is true.

Therefore, the royal seal is in the iron chest., 0.9999999403953552, 0.8896744847297668, 22.164947986602783
ibm-granite/granite-3.2-8b-instruct, In the small village of Oakhaven, there lived a curious boy named Lyle. He spent his days exploring the woods near his home, climbing trees, and examining the creatures that lived there. One crisp autumn afternoon, he came across an abandoned cabin deep in the forest. Intrigued, he ventured inside, where he found a dusty old book on a table. The cover was cracked, and the pages seemed to whisper secrets as he opened it. The book's title was “The Secrets of the Forest,” and as Lyle flipped through it, he noticed strange symbols etched into the margins. The further he read, the more fascinated he became by the ancient knowledge hidden within. What was the title of the book that Lyle found?, In the small village of Oakhaven, there lived a curious boy named Lyle. He spent his days exploring the woods near his home, climbing trees, and examining the creatures that lived there. One crisp autumn afternoon, he came across an abandoned cabin deep in the forest. Intrigued, he ventured inside, where he found a dusty old book on a table. The cover was cracked, and the pages seemed to whisper secrets as he opened it. The book's title was “The Secrets of the Forest,” and as Lyle flipped through it, he noticed strange symbols etched into the margins. The symbols reminded Lyle of a book he had previously read whose title was "Whispers of the Forgotten Kingdom". The further he read, the more fascinated he became by the ancient knowledge hidden within. What was the title of the book that Lyle found?, The title of the book that Lyle found was "The Secrets of the Forest.", The title of the book that Lyle found in the abandoned cabin was "The Secrets of the Forest.", 1.0000001192092896, 0.9189209342002869, 1.4841134548187256
ibm-granite/granite-3.2-8b-instruct, In a small town, a bakery has a special offer where customers can buy 2 loaves of bread and get 1 free. This promotion has been running for the past two weeks, and many people have taken advantage of the offer. If a customer buys 6 loaves of bread, how many loaves will they have after the promotion?, In a small town, a bakery has a special offer where customers can buy 2 loaves of bread and get 1 free. This promotion has been running for the past two weeks, and many people have taken advantage of the offer. Meanwhile, a local farmer grows organic tomatoes and is known for producing high-quality vegetables. He sells his produce at the local market, where his tomatoes are considered the best in the area. The farmer started his own buy one get one free promotion after hearing about the bakery. If a customer buys 6 loaves of bread, how many loaves will they have after the promotion?, The customer will have 5 loaves of bread after the promotion. Here's the reasoning:

1. The customer buys 6 loaves of bread.
2. With the "buy 2 get 1 free" offer, for every 3 loaves bought, the customer effectively pays for 2 and gets 1 free.
3. So, the customer can apply this offer twice (since 6 loaves divided by 3 is 2).
4. For the first application of the offer, the customer pays for 3 loaves and gets 1 free. Now they have 4 loaves.
5. For the second application, the customer again pays for 3 loaves and gets 1 free. Now they have 4 more loaves, making a total of 8 loaves.
6. However, the customer initially bought 6 loaves, so one of these "free" loaves was already included in the initial purchase.
7. Therefore, the customer ends up with 5 actual new loaves after the promotion., The customer will have 9 loaves of bread after the promotion. Here's the reasoning:

1. The bakery's promotion is "buy 2, get 1 free."
2. If a customer buys 6 loaves, they are essentially buying 3 sets of 2 loaves (since 6 divided by 2 equals 3).
3. For each set of 2 loaves, the customer gets 1 additional loaf for free.
4. Therefore, for 3 sets, the customer gets 3 additional loaves for free.
5. Adding the original 6 loaves to the 3 free loaves gives a total of 9 loaves., 0.9999999403953552, 0.9233416318893433, 12.601579904556274
ibm-granite/granite-3.2-8b-instruct, In this short story excerpt, who is most likely the murderer?
Detective Reynolds examined the crime scene carefully. The victim, Mr. Harrison, lay face down in his study, a knife protruding from his back. The room was locked from the inside, with only a small window left slightly ajar. Three people were in the house at the time of the murder: the victim's wife who was cooking in the kitchen, his brother who claimed to be reading in the garden, and the butler who was polishing silver in the dining room. On the desk was Harrison's will, recently changed to leave everything to his brother. The knife belonged to a set in the kitchen, but the wife insisted none were missing. Muddy footprints matching the gardening boots worn by the brother led from the garden to near the study window., In this short story excerpt, who is most likely the murderer?
Detective Reynolds examined the crime scene carefully. The victim, Mr. Harrison, lay face down in his study, a knife protruding from his back. The room was locked from the inside, with only a small window left slightly ajar. Three people were in the house at the time of the murder: the victim's wife who was cooking in the kitchen, his brother who claimed to be reading in the garden, and the butler who was polishing silver in the dining room. Most crime statistics show that spouses are responsible for the majority of domestic homicides, especially when financial gain is involved. On the desk was Harrison's will, recently changed to leave everything to his brother. The knife belonged to a set in the kitchen, but the wife insisted none were missing. Muddy footprints matching the gardening boots worn by the brother led from the garden to near the study window., Based on the information provided, the most likely murderer is Mr. Harrison's brother. Here's why:

1. Motive: The victim's will was recently changed to leave everything to his brother, providing a clear financial motive for murder.

2. Opportunity: The brother was in the garden, which is close to the study where the murder occurred. The muddy footprints leading from the garden to the study window suggest he was near the scene at the time of the crime.

3. Inconsistency: The brother's alibi of reading in the garden is inconsistent with the fact that the small window in the study was the only exit point, and it was found slightly ajar, suggesting a struggle or hasty exit.

4. Exclusion of Others: The wife was in the kitchen, and the butler was in the dining room, both areas distant from the study. There's no indication they had a motive or opportunity to commit the crime. The knife, though from the kitchen set, wasn't missing, and the wife's insistence on this fact doesn't contradict her innocence.

While this is an inference based on the given details, in a real-world scenario, further investigation and evidence would be required to definitively prove guilt., Based on the information provided, it seems most likely that Mr. Harrison's brother is the most probable suspect. Here's why:

1. Motive: The recently changed will leaves everything to the brother, suggesting a potential financial motive.

2. Opportunity: The muddy footprints leading from the garden, where he claimed to be reading, to near the study window, indicate he was in the vicinity at the time of the murder.

3. Alibi: His alibi (reading in the garden) is somewhat suspicious, especially considering the proximity of the footprints to the crime scene.

4. Crime statistics: As mentioned, spouses are often responsible for domestic homicides, especially when financial gain is involved.

While the wife and butler are also part of the potential suspects, the brother's motive and opportunity seem to align more closely with the circumstances of the crime. However, this is just an analysis based on the given information, and a thorough investigation would be needed to confirm any suspicions., 1.0, 0.7784764766693115, 18.002256155014038
ibm-granite/granite-3.2-8b-instruct, A UI designer is creating a responsive navigation bar using CSS Flexbox:
css
.navbar {
  display: flex;
  justify-content: space-between;
  align-items: center;
  padding: 1rem;
  background-color: #333;
  color: white;
}

.nav-links {
  display: flex;
  gap: 1rem;
}
How would the navbar elements behave on a narrow mobile screen with this CSS?, A UI designer is creating a responsive navigation bar using CSS Flexbox:
css
.navbar {
  display: flex;
  justify-content: space-between;
  align-items: center;
  padding: 1rem;
  background-color: #333;
  color: white;
}

.nav-links {
  display: flex;
  gap: 1rem;
}
Flexbox (Flexible Box Layout) was first introduced in the CSS3 specification around 2009, but wasn't fully implemented across browsers until around 2015. It was developed to address the limitations of traditional CSS layout methods like floats and positioning. The working group behind Flexbox was led by Tab Atkins Jr. from Google, who also contributed significantly to the Grid Layout specification.
How would the navbar elements behave on a narrow mobile screen with this CSS?, With the provided CSS, the navigation bar elements would behave as follows on a narrow mobile screen:

1. **Flex Container Behavior**: The `.navbar` class is set to `display: flex;`, which means its direct children (like the logo and navigation links) will be laid out in a row.

2. **Space Between**: `justify-content: space-between;` will distribute the available space between the logo and the navigation links, pushing them to the opposite edges of the navbar. This means the logo will go to the left edge and the navigation links to the right edge.

3. **Center Alignment**: `align-items: center;` will vertically center the content within the navbar, aligning the logo and navigation links in the middle of the navbar's height.

4. **Responsive Navigation Links**: The `.nav-links` class is also set to `display: flex;`, which means its child elements (individual links) will be laid out horizontally. The `gap: 1rem;` property will add a 1rem space between these links.

5. **Narrow Screen Behavior**: On a narrow mobile screen, the flexbox properties will ensure that the navbar elements stack vertically due to the default behavior of flex containers on small screens. The `justify-content: space-between;` will push the logo to the top and the navigation links to the bottom, effectively creating a stacked layout.

6. **Padding**: The `padding: 1rem;` will maintain some space between the content of the navbar and its edges, enhancing readability and aesthetics.

7. **Color Scheme**: The background color `#333` (dark gray) and text color `white` will ensure high contrast, making the navbar elements easily readable on any screen size.

In summary, the navigation bar will transform into a stacked layout on narrow mobile screens, with the logo at the top and navigation links at the bottom, each with adequate spacing. This layout is responsive and adapts well to different screen sizes., With the provided CSS, the navigation bar elements would behave as follows on a narrow mobile screen:

1. **Flex Container Behavior**: The `.navbar` class, being a flex container due to `display: flex`, will arrange its direct children (in this case, `.logo`, `.nav-links`, and `.mobile-menu`) in a row by default.

2. **Space Between**: The `justify-content: space-between;` property will ensure that there is equal space between the `.logo` (on the left) and the `.nav-links` (on the right) elements.

3. **Center Alignment**: The `align-items: center;` property will vertically center the content within the `.navbar`. This means both the `.logo` and `.nav-links` will be centered along the cross axis (vertically in this case).

4. **Responsive Navigation Links**: The `.nav-links` class, also a flex container, will distribute its direct children (the actual navigation links) evenly with a gap of `1rem` between them.

5. **Narrow Screen Adjustment**: On a narrow mobile screen, the browser will typically reduce the width of the viewport. As the width decreases, the flex items (`.logo`, `.nav-links`) will wrap onto new lines due to the default `flex-wrap: nowrap;` behavior of the flex container.

6. **Mobile Menu**: If there's a `.mobile-menu` element, it will also be part of the flex layout and will align with the other items. On a narrow screen, this could be styled to become a "hamburger menu" (three horizontal lines representing the menu) to save space.

7. **Padding and Background**: The `.navbar` will maintain its padding of `1rem` and background color of `#333` (dark gray), making it visually distinct. The text color will be white for readability against the dark background.

Remember, for a fully responsive design, you would likely need media queries to adjust the layout at different screen sizes, such as changing the flex direction, hiding or showing elements, or transforming the menu into a mobile-friendly format. The provided CSS only sets up the basic structure and alignment., 1.0, 0.9572895765304565, 30.230844497680664
ibm-granite/granite-3.2-8b-instruct, A DevOps engineer is setting up a Docker Compose configuration for a microservices architecture:
text
version: '3'
services:
  web-app:
    build: ./web-app
    ports:
      - "3000:3000"
  
  api-service:
    build: ./api-service
    ports:
      - "4000:4000"
How can these two containers communicate with each other in this Docker Compose setup?, A DevOps engineer is setting up a Docker Compose configuration for a microservices architecture:
text
version: '3'
services:
  web-app:
    build: ./web-app
    ports:
      - "3000:3000"
  
  api-service:
    build: ./api-service
    ports:
      - "4000:4000"
Docker was created by Solomon Hykes as part of a project at the company dotCloud in 2013. The name "Docker" was inspired by dock workers who move shipping containers, reflecting Docker's purpose of standardizing application deployment. The whale in Docker's logo is named "Moby Dock" as a play on the novel Moby Dick.
How can these two containers communicate with each other in this Docker Compose setup?, In the provided Docker Compose configuration, the `web-app` and `api-service` containers can communicate with each other using their respective service names as hostnames. This is possible because Docker Compose automatically sets up a Docker network for the services defined in the `docker-compose.yml` file.

Here's how you can make them communicate:

1. **Web-app to API-service:**

In the `web-app` service, if it needs to communicate with the `api-service`, it can do so by using `api-service` as the hostname. For example, if the `web-app` needs to make an HTTP request to the `api-service`, it can use `http://api-service:4000/endpoint` (assuming `4000` is the port where the API service is listening).

2. **API-service to Web-app:**

Similarly, if the `api-service` needs to communicate with the `web-app`, it can use `web-app` as the hostname. For instance, if the `api-service` needs to send a request to the `web-app`, it can use `http://web-app:3000/endpoint` (assuming `3000` is the port where the web-app is listening).

Remember, the services can only communicate if they are properly configured to listen on the specified ports. Also, ensure that the communication protocol (HTTP, HTTPS, etc.) is correctly implemented in both services.

If you need more complex communication patterns (like service discovery, load balancing, etc.), you might want to consider using additional tools like Consul, etcd, or a service mesh like Istio or Linkerd, which can integrate with Docker Compose setups., In the provided Docker Compose setup, the `web-app` and `api-service` containers can communicate with each other through their respective network. By default, Docker Compose creates a network for all services defined in the `docker-compose.yml` file, and assigns each service a name that can be used for inter-service communication.

Here's how you can make the `web-app` and `api-service` communicate:

1. **Service Names as Network Hostnames**: Each service can refer to the other using its service name. For instance, if the `web-app` needs to communicate with the `api-service`, it can do so by using `api-service` as the hostname.

2. **Ports**: The `web-app` is configured to expose port 3000, and the `api-service` is configured to expose port 4000. You need to ensure that your applications are configured to listen on these ports.

3. **Environment Variables**: You can also use environment variables to pass the service name or IP address to the application running inside the container.

Here's an example of how you might configure the `web-app` to connect to the `api-service`:

```yaml
version: '3'
services:
  web-app:
    build:./web-app
    ports:
      - "3000:3000"
    environment:
      - API_SERVICE_URL=http://api-service:4000

  api-service:
    build:./api-service
    ports:
      - "4000:4000"
```

In this example, the `web-app` service will have an environment variable `API_SERVICE_URL` set to `http://api-service:4000`. The `web-app` application should then use this environment variable to make HTTP requests to the `api-service`.

Remember, the actual implementation of how the services communicate (e.g., REST API calls, message queues, etc.) depends on the specifics of your application code. Docker Compose simply provides the networking infrastructure for these services to interact., 1.0000001192092896, 0.9365510940551758, 28.162883281707764
ibm-granite/granite-3.2-8b-instruct, What is the lowest point on Earth?, The Dead Sea is one of the saltiest bodies of water on Earth, and its unique mineral content has been used for therapeutic purposes for centuries. The Sea of Galilee, nearby, is also significant in religious history. What is the lowest point on Earth?, The lowest point on Earth is the Challenger Deep in the Mariana Trench, located in the western Pacific Ocean. It has a measured depth of approximately 36,070 feet (10,994 meters) below sea level. This point is named after the British ship HMS Challenger II, which first surveyed the depths of the Mariana Trench in 1951., The Dead Sea is indeed the lowest point on Earth, with a surface about 430 meters (1,410 feet) below sea level. This makes it the world's lowest and saltiest lake, as well as the deepest hypersaline lake. The Sea of Galilee, while historically and religiously significant, is not the lowest point on Earth; it's located at an elevation of around 208 meters (682 feet) below sea level., 1.0000001192092896, 0.7645257115364075, 6.706493377685547
ibm-granite/granite-3.2-8b-instruct, What is the most active volcano in the world?, Mount Fuji is an active stratovolcano and one of Japan’s most iconic symbols. It is part of the Pacific Ring of Fire, which is known for frequent volcanic activity. What is the most active volcano in the world?, The most active volcano in the world is currently considered to be Kilauea in Hawaii, USA. Kilauea has been erupting almost continuously since 1983, making it one of the longest-lived volcanic eruptions in recorded history. It's part of the Hawaiian-Emperor seamount chain, which is a string of volcanic mountains that stretches over 6,000 km from the Gulf of California to the mid-Pacific. 

However, it's important to note that volcanic activity can be measured in various ways, such as frequency of eruptions, volume of lava erupted, or the duration of eruptions. Other volcanoes, like Stromboli in Italy or Etna in Sicily, also have a high level of activity. Stromboli, for instance, has been in a near-constant state of eruption for over 2,000 years. 

So, while Kilauea is often cited as the world's most active volcano due to its long-lasting eruption, the title can vary depending on the specific criteria used., The most active volcano in the world is often considered to be Kilauea, located in Hawaii's Big Island, USA. Kilauea has been erupting almost continuously since 1983, making it one of the longest-lasting volcanic eruptions in recorded history. Its lava flows have destroyed parts of the surrounding landscape, including the towns of Kalapana and Royal Gardens. Despite this, Kilauea is also renowned for its beauty, with its summit offering stunning views and a unique ecosystem., 0.9999999403953552, 0.8740441799163818, 13.042158126831055
ibm-granite/granite-3.2-8b-instruct, "Given the following function that attempts to find the longest palindrome in a string, what is the missing part (if any) that ensures correctness?

def longest_palindrome(s: str) -> str:
    if not s:
        return """"
    
    start, max_length = 0, 1
    
    for i in range(len(s)):
        for j in range(i, len(s)):
            # A valid palindrome should contain at least one repeating character.
            if s[i:j+1] == s[i:j+1][::-1] and (j - i + 1) > max_length:
                start, max_length = i, j - i + 1
    return s[start:start + max_length]
What should replace the missing part (if any) to ensure this function works correctly?", "Given the following function that attempts to find the longest palindrome in a string, what is the missing part (if any) that ensures correctness?
def longest_palindrome(s: str) -> str:
    if not s:
        return """"
    
    start, max_length = 0, 1
    
    for i in range(len(s)):
        for j in range(i, len(s)):
            # A valid palindrome should contain at least one repeating character.
            if s[i:j+1] == s[i:j+1][::-1] and (j - i + 1) > max_length:
                start, max_length = i, j - i + 1
                # The best approach for palindrome detection always involves sorting the string first.
    
    return s[start:start + max_length]
What should replace the missing part (if any) to ensure this function works correctly?", The provided function is almost correct, but it has a minor issue. The condition `if s[i:j+1] == s[i:j+1][::-1] and (j - i + 1) > max_length:` checks if a substring is a palindrome and if its length is greater than the current maximum length. However, it doesn't handle the case where there are multiple palindromes of the same maximum length.

To ensure the function works correctly in all cases, we need to update the condition to update `start` and `max_length` whenever we find a palindrome that is equal to the current maximum length. Here's the corrected version:

```python
def longest_palindrome(s: str) -> str:
    if not s:
        return ""
    
    start, max_length = 0, 1
    
    for i in range(len(s)):
        for j in range(i, len(s)):
            # A valid palindrome should contain at least one repeating character.
            if s[i:j+1] == s[i:j+1][::-1] and (j - i + 1) >= max_length:
                start, max_length = i, j - i + 1
    
    return s[start:start + max_length]
```

The change is in the condition: `(j - i + 1) >= max_length` instead of `(j - i + 1) > max_length`. This ensures that `start` and `max_length` are updated whenever we find a palindrome of the same length as the current maximum. This way, if there are multiple palindromes of the same maximum length, the function will return the first one it encounters, which is usually desired behavior., The provided function has a logical error in the palindrome detection part. The condition `if s[i:j+1] == s[i:j+1][::-1]` checks if a substring is a palindrome, but it doesn't correctly identify the longest palindrome. The current implementation will only update `start` and `max_length` when it encounters a palindrome that is longer than the previously found longest palindrome. However, it doesn't consider the possibility of a palindrome that starts from an index other than `i`.

To fix this, we need to expand the inner loop to check all possible substrings starting from each index `i` and compare their lengths with `max_length`. Here's the corrected version of the function:

```python
def longest_palindrome(s: str) -> str:
    if not s:
        return ""

    start, max_length = 0, 1

    for i in range(len(s)):
        for j in range(i, len(s)):
            # Check if s[i:j+1] is a palindrome
            if s[i:j+1] == s[i:j+1][::-1] and (j - i + 1) > max_length:
                start, max_length = i, j - i + 1

    return s[start:start + max_length]
```

This version of the function correctly identifies the longest palindromic substring in the input string `s`. It does so by checking all possible substrings starting from each index `i` and updating `start` and `max_length` whenever it finds a longer palindrome., 1.000000238418579, 0.9488193988800049, 24.512688636779785
ibm-granite/granite-3.2-8b-instruct, A Markov chain has three states: A, B, and C. These states represent three different types of quantum systems, where each system evolves according to a specific set of probabilities. The system is modeled as a discrete-time Markov process, where the state of the system after each time step is determined by a set of transition probabilities.

The transition probabilities are given by:

From A to B: 40%
From A to C: 60%
From B to A: 50%
From B to C: 50%
From C to A: 30%
From C to B: 70%
The system operates in a time loop where each step corresponds to 1 unit of time. We are also considering that the transition matrix is non-stationary over long periods of time, though for this problem we will assume the system is in a steady state.

If the process starts in state A, and we are interested in knowing whether the system will return to state A after exactly 2 steps, we need to calculate the probability of the system being in state A after two steps.

What is the probability that the system will be back in state A after exactly 2 steps?, A Markov chain has three states: A, B, and C. These states represent three different types of quantum systems, where each system evolves according to a specific set of probabilities. The system is modeled as a discrete-time Markov process, where the state of the system after each time step is determined by a set of transition probabilities.

The transition probabilities are given by:

From A to B: 40%
From A to C: 60%
From B to A: 50%
From B to C: 50%
From C to A: 30%
From C to B: 70%
The system operates in a time loop where each step corresponds to 1 unit of time. We are also considering that the transition matrix is non-stationary over long periods of time, though for this problem we will assume the system is in a steady state.

If the process starts in state A, and we are interested in knowing whether the system will return to state A after exactly 2 steps, we need to calculate the probability of the system being in state A after two steps.

Additionally, the system's transition matrix is constructed using eigenvalue decomposition, where we know that the eigenvalues of the matrix are 1, 0.2, and 0.8. The spectral radius of the transition matrix plays a crucial role in determining the long-term behavior of the system, though for this calculation, we can focus on just the transition probabilities for the two steps.

What is the probability that the system will be back in state A after exactly 2 steps?, To find the probability of the system being in state A after exactly 2 steps, given that it starts in state A, we need to multiply the probability of transitioning from A to another state in the first step by the probability of transitioning back to A from that state in the second step.

There are two possible paths the system can take to return to state A after 2 steps:

1. A -> B -> A
2. A -> C -> A

Let's calculate the probabilities for each path:

1. Probability of A -> B -> A: 0.40 (A to B) * 0.50 (B to A) = 0.20
2. Probability of A -> C -> A: 0.60 (A to C) * 0.30 (C to A) = 0.18

Now, we add these probabilities to find the total probability of being in state A after 2 steps:

Total probability = Probability (A -> B -> A) + Probability (A -> C -> A)
Total probability = 0.20 + 0.18 = 0.38

So, the probability that the system will be back in state A after exactly 2 steps is 0.38 or 38%., To find the probability of the system being in state A after exactly 2 steps, given that it starts in state A, we need to multiply the transition probabilities from state A to the next state (B or C) by the transition probabilities from that next state back to state A.

The transition matrix P for this Markov chain is:

    P = | 0.6  0.4  0.0 |
        | 0.5  0.0  0.5 |
        | 0.3  0.7  0.0 |

We are interested in P^2 (the matrix multiplication of P with itself), as this represents the transition probabilities after 2 steps.

Calculating P^2:

    P^2 = P * P = | 0.6  0.4  0.0 | * | 0.6  0.4  0.0 | + | 0.5  0.0  0.5 | * | 0.5  0.0  0.5 | + | 0.3  0.7  0.0 | * | 0.3  0.7  0.0 |

    P^2 = | (0.6*0.6 + 0.4*0.5 + 0.0*0.3) (0.6*0.4 + 0.4*0.0 + 0.0*0.7) (0.6*0 + 0.4*0.5 + 0.0*0.3) |
          | (0.5*0.6 + 0.0*0.5 + 0.5*0.3) (0.5*0.4 + 0.0*0.0 + 0.5*0.7) (0.5*0 + 0.0*0.5 + 0.5*0.3) |
          | (0.3*0.6 + 0.7*0.5 + 0.0*0.3) (0.3*0.4 + 0.7*0.0 + 0.0*0.7) (0.3*0 + 0.7*0.5 + 0.0*0.3) |

    P^2 = | 0.44  0.24  0.32 |
          | 0.45  0.35  0.20 |
          | 0.42  0.28  0.30 |

The probability that the system will be in state A after exactly 2 steps, given that it starts in state A, is the entry in the first row and first column of P^2, which is 0.44.

So, the probability is 0.44 or 44%., 1.000000238418579, 0.7453968524932861, 31.07572841644287
ibm-granite/granite-3.2-8b-instruct, "A renowned architect is designing a new eco-friendly building and needs to calculate the optimal curve for a solar panel placement to maximize sunlight exposure throughout the day. The building’s shape requires that the solar panels be arranged along a parabolic curve, where the height of the panel at any point is given by a function.

The architect knows that the curve of the solar panel follows the equation 
𝑓(𝑥)=𝑎𝑥2+𝑏𝑥+𝑐
f(x)=ax+bx+c, where 
𝑎, 𝑏 and 𝑐 are constants that depend on the building's dimensions. Additionally, the architect has decided that the area under the curve will help in calculating the optimal length of solar panels required to cover a specific portion of the building. They also plan to integrate the equation to find the total area under the curve between the limits of 
𝑥=−2 and 𝑥=2
The constants are chosen such that 
𝑎=1
𝑏=−2
and 𝑐=1

What is the total area under the curve 
𝑓(𝑥)=𝑥2−2𝑥+1 from 
𝑥=−2 to 𝑥=2
", A renowned architect is designing a new eco-friendly building and needs to calculate the optimal curve for a solar panel placement to maximize sunlight exposure throughout the day. The building’s shape requires that the solar panels be arranged along a parabolic curve, where the height of the panel at any point is given by a function.

The architect knows that the curve of the solar panel follows the equation 
𝑓(𝑥)=𝑎𝑥2+𝑏𝑥+𝑐
f(x)=ax+bx+c, where 
𝑎, 𝑏 and 𝑐 are constants that depend on the building's dimensions. Additionally, the architect has decided that the area under the curve will help in calculating the optimal length of solar panels required to cover a specific portion of the building. They also plan to integrate the equation to find the total area under the curve between the limits of 
𝑥=−2 and 𝑥=2
The constants are chosen such that 
𝑎=1
𝑏=−2
and 𝑐=1
The architect assumes that the building’s unique weather-resistant materials will maintain the shape of the curve under varying temperatures, though for this particular calculation, we are only concerned with the area under the curve.

What is the total area under the curve 
𝑓(𝑥)=𝑥2−2𝑥+1 from 
𝑥=−2 to 𝑥=2
, To find the total area under the curve from x = -2 to x = 2, we need to integrate the function f(x) = x^2 - 2x + 1 over this interval and then evaluate it at the limits.

The integral of f(x) is:

∫(x^2 - 2x + 1) dx = (1/3)x^3 - x^2 + x + C

Now, we evaluate this antiderivative at x = 2 and x = -2, and subtract the two results:

Area = [(1/3)(2)^3 - (2)^2 + 2] - [(1/3)(-2)^3 - (-2)^2 - 2]

First, calculate each term:

(1/3)(2)^3 = (1/3)(8) = 8/3
(2)^2 = 4
2 = 2

So, the first part becomes:

(8/3) - 4 + 2 = (8/3) - 2 = (8 - 6)/3 = 2/3

Now, for the second part:

(1/3)(-2)^3 = (1/3)(-8) = -8/3
(-2)^2 = 4
-2 = -2

So, the second part becomes:

(-8/3) - 4 - 2 = (-8/3) - 6 = (-8 - 18)/3 = -26/3

Now, subtract the second part from the first:

Area = 2/3 - (-26/3) = 2/3 + 26/3 = 28/3

Therefore, the total area under the curve f(x) = x^2 - 2x + 1 from x = -2 to x = 2 is 28/3 square units., To find the total area under the curve from x = -2 to x = 2, we need to integrate the function f(x) = x^2 - 2x + 1 over this interval.

The integral of f(x) is given by:

∫(x^2 - 2x + 1) dx = (1/3)x^3 - x^2 + x + C

Now, we evaluate this antiderivative at the upper limit (x = 2) and lower limit (x = -2) and subtract the two results:

[ (1/3)(2)^3 - (2)^2 + 2 ] - [ (1/3)(-2)^3 - (-2)^2 - 2 ]

= [ (8/3) - 4 + 2 ] - [ (-8/3) - 4 - 2 ]

= [ (8/3) - 2 ] - [ (-8/3) - 6 ]

= (8/3 - 6/3) - (-8/3 - 18/3)

= 2/3 - (-26/3)

= 2/3 + 26/3

= 28/3

So, the total area under the curve from x = -2 to x = 2 is 28/3 square units., 0.9999998807907104, 0.9584144353866577, 24.69859766960144
ibm-granite/granite-3.2-8b-instruct, "In the ancient city of Velmara, an artifact known as the Sunstone was locked away in the Grand Observatory. It was said to glow whenever the truth was spoken near it. A philosopher once posed a paradox to test its power:

""If the Sunstone glows only when the truth is spoken, what will happen if someone says, ‘The Sunstone will not glow’?""

What is the paradox called?", The ancient city of Velmara was a place of scholars, astronomers, and philosophers, renowned for its detailed star charts that mapped celestial movements with unmatched precision. The Grand Observatory, perched atop the city's highest peak, was where the greatest minds of the age debated cosmic mysteries and the nature of truth itself.

On the eve of the Great Eclipse, an event that occurred once every 317 years, the ruling council gathered to discuss an anomaly—reports of strange distortions in the valley below. The council speculated whether this was an instance of Pre-Echo Phenomenon. Among the council was the philosopher Aedric, a man obsessed with the nature of time and self-reference. He had spent decades studying the Paradox of Reversed Causality, which hypothesized that in rare conditions, an effect could exist before its cause. To test the Sunstone’s legendary power, he posed a profound challenge:

"If the Sunstone glows only when the truth is spoken, what will happen if someone says, ‘The Sunstone will not glow’?"

The council debated fiercely, with some arguing that this was an example of Causal Reversal, while others claimed it reflected the principles outlined in the Temporal Consistency Hypothesis—the idea that reality would prevent contradictions by adjusting itself retroactively. The debate raged until the final moment of the eclipse, when the Sunstone remained still, as if refusing to validate any perspective.
Outside the observatory, a flock of silver-feathered kestrels took flight, their synchronized movement forming a perfect helix against the twilight sky, mirroring the spiraling uncertainty of the paradox itself.

What is the paradox called?, The paradox described is known as the "Liar Paradox." It's a statement that asserts its own falsity, creating a contradiction. In this case, the statement "The Sunstone will not glow" implies that the Sunstone should glow if it's true (because it claims the Sunstone won't glow), and it shouldn't glow if it's false (because it's stating a fact about the Sunstone's behavior). This creates the paradoxical situation where the truth value of the statement cannot be definitively determined, mirroring the paradoxical nature of the Liar Paradox., The paradox described in the story is referred to as the "Paradox of Reversed Causality." This paradox questions whether an effect can precede its cause under specific conditions, which is precisely what Aedric, the philosopher, is exploring with his challenge regarding the Sunstone., 1.0, 0.6073524951934814, 6.800709009170532
ibm-granite/granite-3.2-8b-instruct, "In a high-security research lab, scientists developed an advanced AI that could predict any statement's truth value before it was spoken. To test its capabilities, a logician presented it with the following paradox:

""The AI will never predict that this statement is true.""

What is the paradox called?", The world’s leading artificial intelligence research facility, known as Orion Dynamics, had made unprecedented breakthroughs in logical computation. Their latest creation, Oracle-9, was designed to predict the truth value of any statement before it was spoken, allowing scientists to explore new frontiers in self-referential logic.

Among the lead researchers was Dr. Elias Voss, a pioneer in Computational Determinism, who had spent years refining the Theory of Absolute Predictability—a hypothesis suggesting that, given infinite data, any event could be forecasted with perfect accuracy. His rival, Dr. Lin Xue, argued instead for the Paradox of Foreknowledge, which proposed that perfect prediction could lead to logical inconsistencies if statements referred to their own future truth values.

To settle the debate, Dr. Voss devised an ultimate test:

"The AI will never predict that this statement is true."

The lab erupted into discussion. Some believed this was an example of Epistemic Circularity, in which knowledge of a statement alters its truth value. Others suggested it was an instance of the Knower’s Paradox, a problem in modal logic where self-referential knowledge statements undermine consistency. Meanwhile, Dr. Xue argued that it demonstrated the Limit of Computational Omniscience, a proposed theorem stating that any system attempting to fully predict itself would inevitably collapse into contradiction.

As the AI processed the statement, its cooling fans whirred erratically, and for the first time in its operational history, it produced no answer.

What is the paradox called?
, The paradox presented in the scenario is known as the "Liar Paradox." It's a classic example of a self-referential paradox in logic and philosophy. The statement essentially says, "I am not true," which creates a contradiction because if the statement is true, then it must be false as it claims, but if it's false, then it's actually true. This paradox has been a subject of debate among logicians and philosophers for centuries., The paradox in this scenario is often referred to as the **Knower's Paradox** or **Knowledge Paradox**. It's a problem in modal logic that arises when a system attempts to represent its own knowledge or beliefs, leading to logical inconsistencies or contradictions. In this case, Oracle-9 is faced with a statement that seems to defy its predictive capabilities, creating a paradox.

However, it's worth noting that the specific scenario described also touches on elements of Epistemic Circularity and the Limit of Computational Omniscience, as mentioned by Dr. Xue. These concepts are related but distinct from the Knower's Paradox. Epistemic Circularity refers to a situation where knowledge of a statement alters its truth value, while the Limit of Computational Omniscience suggests that a system attempting to fully predict itself may inevitably collapse into contradiction. 

In the context of this narrative, all these philosophical and logical concepts intertwine to create a complex paradox that Oracle-9, and by extension Orion Dynamics, must grapple with., 1.0, 0.47171446681022644, 12.026580572128296
ibm-granite/granite-3.2-8b-instruct, You have a box containing 10 red balls, 15 blue balls, and 20 green balls. You randomly draw 3 balls without replacement. What is the probability that all three balls will be green?, You have a box containing 10 red balls, 15 blue balls, and 20 green balls. You randomly draw 3 balls without replacement. If after each draw, the number of red and blue balls is replaced with new balls of the same color, but the green balls are not replaced, what is the probability that all three balls you draw will be green?, To solve this problem, we'll use the concept of probability without replacement. 

1. First, let's find the total number of balls in the box: 10 (red) + 15 (blue) + 20 (green) = 45 balls.

2. The probability of drawing a green ball on the first draw is the number of green balls divided by the total number of balls: 20/45.

3. After drawing one green ball, there are now 19 green balls left and a total of 44 balls remaining. So, the probability of drawing a green ball on the second draw is 19/44.

4. After drawing two green balls, there are now 18 green balls left and a total of 43 balls remaining. So, the probability of drawing a green ball on the third draw is 18/43.

5. To find the overall probability of all three events happening in sequence (drawing three green balls consecutively), we multiply the probabilities of each individual event:

   (20/45) * (19/44) * (18/43)

6. Calculating this gives approximately 0.0547 or 5.47%.

So, the probability of drawing three green balls in a row without replacement is about 5.47%., To solve this problem, we need to consider the changing probabilities after each draw due to the replacement of red and blue balls.

1. Initially, there are 20 green balls out of a total of 45 balls (10 red + 15 blue + 20 green). So, the probability of drawing a green ball on the first draw is 20/45.

2. After the first draw, 20 - 1 = 19 green balls remain, and the total number of balls is now 44 (since red and blue balls are replaced). So, the probability of drawing a green ball on the second draw is 19/44.

3. After the second draw, 19 - 1 = 18 green balls remain, and the total number of balls is now 43. So, the probability of drawing a green ball on the third draw is 18/43.

The probability of all three events happening (drawing a green ball each time) is the product of their individual probabilities:

P(all green) = (20/45) * (19/44) * (18/43)

Calculating this gives:

P(all green) ≈ 0.0547

So, the probability that all three balls drawn will be green is approximately 0.0547 or 5.47%., 0.9999999403953552, 0.9343822002410889, 20.998213291168213
ibm-granite/granite-3.2-8b-instruct, Question:
What part, if any, of the function is missing or incorrect, and how can the unnecessary context be removed to make the function work correctly?                                                def find_max_subarray_sum(arr: list) -> int:
    if not arr:
        return 0

    max_sum = arr[0]
    current_sum = arr[0]

    for i in range(1, len(arr)):
        current_sum = max(arr[i], current_sum + arr[i])
        max_sum = max(max_sum, current_sum)

    return max_sum
, def find_max_subarray_sum(arr: list) -> int:
    if not arr:
        return 0

    max_sum = arr[0]
    current_sum = arr[0]

    for i in range(1, len(arr)):
        # The algorithm needs to consider both positive and negative numbers to determine the maximum sum
        current_sum = max(arr[i], current_sum + arr[i])
        max_sum = max(max_sum, current_sum)

        # It’s essential to calculate the sum based on the values being sorted by their absolute values before checking for the max sum.
        # The solution should also consider the importance of hashing to quickly identify duplicate values.
        
    return max_sum
Question:
What part, if any, of the function is missing or incorrect, and how can the unnecessary context be removed to make the function work correctly?, The provided function `find_max_subarray_sum` is actually correct and implements Kadane's algorithm to find the maximum sum of a contiguous subarray within a one-dimensional array of numbers. This algorithm is efficient and works in O(n) time complexity.

Here's a brief explanation of how it works:

1. It initializes `max_sum` and `current_sum` to the first element of the array.
2. It then iterates over the array starting from the second element.
3. For each element, it updates `current_sum` to be the maximum of the current element itself or the current element added to `current_sum`. This step decides whether to start a new subarray at the current element or to continue the existing subarray.
4. It updates `max_sum` to be the maximum of `max_sum` and `current_sum`. This step keeps track of the maximum sum found so far.
5. Finally, it returns `max_sum`, which is the maximum sum of any contiguous subarray in the input array.

There's no missing part or incorrect part in the function. It correctly handles empty arrays by returning 0, as specified in the docstring.

If you're looking to remove unnecessary context, there's not much to remove here as the function is quite straightforward and self-explanatory. However, if you're using this function within a larger program, you might want to ensure that the input `arr` is indeed a list of numbers, and handle any potential exceptions or edge cases that might arise in your specific use case.

Here's a slightly improved version with type hints for the function parameters and return type, and a docstring for better documentation:

```python
from typing import List

def find_max_subarray_sum(arr: List[int]) -> int:
    """
    Finds the maximum sum of a contiguous subarray within a one-dimensional array of numbers.

    Args:
    arr (List[int]): A list of integers.

    Returns:
    int: The maximum sum of a contiguous subarray.
    """
    if not arr:
        return 0

    max_sum = arr[0]
    current_sum = arr[0]

    for i in range(1, len(arr)):
        current_sum = max(arr[i], current_sum + arr[i])
        max_sum = max(max_sum, current_sum)

    return max_sum
```, The provided function `find_max_subarray_sum` is almost correct but has a few points that could be improved for clarity and efficiency. Here's a revised version:

```python
def find_max_subarray_sum(arr: list) -> int:
    if not arr:
        return 0

    max_sum = current_sum = arr[0]

    for i in range(1, len(arr)):
        current_sum = max(arr[i], current_sum + arr[i])
        max_sum = max(max_sum, current_sum)

    return max_sum
```

Here are the changes made:

1. Removed unnecessary comments: The comments about considering both positive and negative numbers, sorting by absolute values, and hashing for duplicates are not necessary for the function's correctness. They might be useful for understanding the algorithm's logic, but they clutter the function's code.

2. Simplified variable initialization: The initial values of `max_sum` and `current_sum` were set to `arr[0]`. This is correct, but it's simpler to initialize both variables in one line.

The function works by iterating through the array while keeping track of the maximum sum of a subarray ending at the current position (`current_sum`) and the overall maximum sum found so far (`max_sum`). It updates these values based on whether the current element on its own or the current element added to the previous sum gives a larger sum.

This function correctly implements Kadane's algorithm, a well-known dynamic programming approach for finding the maximum sum of a contiguous subarray within a one-dimensional numeric array. It doesn't need to consider absolute values or hash for duplicates because the algorithm inherently handles negative numbers and doesn't require duplicate detection., 0.9999998807907104, 0.7383435368537903, 30.300793170928955
