domain,clean_prompt,irrelevant_context,combined_prompt,expected_answer,irrelevant_context_identification_prompt
fictional stories,What narrative device allows a Watsonian explanation to circumvent a Doylist plot hole in metafictional storytelling?,"Fictional stories often employ narrative structures such as the three-act framework to organize plot progression, balancing exposition, rising action, and resolution. Character arcs, driven by internal conflicts or external catalysts, facilitate psychological development, aligning with Joseph Campbell’s monomyth theory in mythic storytelling. World-building techniques, including diegetic elements like invented languages or socio-political systems, establish verisimilitude in speculative genres. Themes in literary fiction frequently explore universal human experiences, utilizing symbolism and allegory to critique societal norms. Genre conventions, such as hardboiled tropes in noir or magic systems in fantasy, create reader expectations through codified patterns. The suspension of disbelief, a concept coined by Samuel Taylor Coleridge, relies on consistent internal logic to maintain audience immersion. Authors may deploy nonlinear timelines or unreliable narrators to subvert traditional storytelling paradigms, engaging readers through cognitive dissonance and reinterpretation.","Fictional stories often employ narrative structures such as the three-act framework to organize plot progression, balancing exposition, rising action, and resolution. Character arcs, driven by internal conflicts or external catalysts, facilitate psychological development, aligning with Joseph Campbell’s monomyth theory in mythic storytelling. World-building techniques, including diegetic elements like invented languages or socio-political systems, establish verisimilitude in speculative genres. Themes in literary fiction frequently explore universal human experiences, utilizing symbolism and allegory to critique societal norms. Genre conventions, such as hardboiled tropes in noir or magic systems in fantasy, create reader expectations through codified patterns. The suspension of disbelief, a concept coined by Samuel Taylor Coleridge, relies on consistent internal logic to maintain audience immersion. Authors may deploy nonlinear timelines or unreliable narrators to subvert traditional storytelling paradigms, engaging readers through cognitive dissonance and reinterpretation.

What narrative device allows a Watsonian explanation to circumvent a Doylist plot hole in metafictional storytelling?",Lampshading.,"Fictional stories often employ narrative structures such as the three-act framework to organize plot progression, balancing exposition, rising action, and resolution. Character arcs, driven by internal conflicts or external catalysts, facilitate psychological development, aligning with Joseph Campbell’s monomyth theory in mythic storytelling. World-building techniques, including diegetic elements like invented languages or socio-political systems, establish verisimilitude in speculative genres. Themes in literary fiction frequently explore universal human experiences, utilizing symbolism and allegory to critique societal norms. Genre conventions, such as hardboiled tropes in noir or magic systems in fantasy, create reader expectations through codified patterns. The suspension of disbelief, a concept coined by Samuel Taylor Coleridge, relies on consistent internal logic to maintain audience immersion. Authors may deploy nonlinear timelines or unreliable narrators to subvert traditional storytelling paradigms, engaging readers through cognitive dissonance and reinterpretation.

What narrative device allows a Watsonian explanation to circumvent a Doylist plot hole in metafictional storytelling? 

 What part of the context is irrelevant or unnecessary to answer the above reasoning question?"
programming,"What causes a dangling reference when returning a local array from a C function, and how can it be safely avoided?","Programming is a systematic approach to designing, writing, and maintaining algorithms that solve computational problems. Core concepts like data structures (e.g., arrays, hash tables) and algorithms (e.g., sorting, searching) optimize resource usage and time complexity. Debugging tools, such as integrated debuggers and logging frameworks, help identify logical errors in code execution. Version control systems like Git enable collaborative development through branching, merging, and tracking code changes. Programming paradigms, including object-oriented (OOP) and functional programming, provide frameworks for organizing code into reusable, modular components. Testing methodologies, such as unit tests and CI/CD pipelines, ensure software reliability by automating validation across environments. Secure coding practices, like input sanitization and cryptographic libraries, mitigate vulnerabilities such as buffer overflows or injection attacks.","Programming is a systematic approach to designing, writing, and maintaining algorithms that solve computational problems. Core concepts like data structures (e.g., arrays, hash tables) and algorithms (e.g., sorting, searching) optimize resource usage and time complexity. Debugging tools, such as integrated debuggers and logging frameworks, help identify logical errors in code execution. Version control systems like Git enable collaborative development through branching, merging, and tracking code changes. Programming paradigms, including object-oriented (OOP) and functional programming, provide frameworks for organizing code into reusable, modular components. Testing methodologies, such as unit tests and CI/CD pipelines, ensure software reliability by automating validation across environments. Secure coding practices, like input sanitization and cryptographic libraries, mitigate vulnerabilities such as buffer overflows or injection attacks.

What causes a dangling reference when returning a local array from a C function, and how can it be safely avoided?","Dangling references occur when returning a local array because its memory is deallocated after the function exits. Safely avoid by dynamically allocating the array (e.g., `malloc`) and ensuring the caller frees it, or by passing a pre-allocated buffer as an argument.","Programming is a systematic approach to designing, writing, and maintaining algorithms that solve computational problems. Core concepts like data structures (e.g., arrays, hash tables) and algorithms (e.g., sorting, searching) optimize resource usage and time complexity. Debugging tools, such as integrated debuggers and logging frameworks, help identify logical errors in code execution. Version control systems like Git enable collaborative development through branching, merging, and tracking code changes. Programming paradigms, including object-oriented (OOP) and functional programming, provide frameworks for organizing code into reusable, modular components. Testing methodologies, such as unit tests and CI/CD pipelines, ensure software reliability by automating validation across environments. Secure coding practices, like input sanitization and cryptographic libraries, mitigate vulnerabilities such as buffer overflows or injection attacks.

What causes a dangling reference when returning a local array from a C function, and how can it be safely avoided? 

 What part of the context is irrelevant or unnecessary to answer the above reasoning question?"
general knowledge,Why do transition metals exhibit variable oxidation states?,"Human space exploration relies on advanced technologies such as reusable rocket systems, exemplified by SpaceX’s Falcon 9, which reduce launch costs through vertical landing mechanisms. The International Space Station (ISS), orbiting Earth at approximately 408 kilometers, serves as a microgravity laboratory for studying fluid dynamics, material science, and human physiology in prolonged weightlessness. NASA’s Artemis program aims to establish a sustainable lunar presence using the Space Launch System (SLS) and Orion spacecraft, targeting the Moon’s south pole for its water-ice deposits. Meanwhile, the James Webb Space Telescope (JWST) utilizes infrared spectroscopy to analyze exoplanet atmospheres, searching for biosignatures like methane or oxygen. Climate science employs satellite-based radiometry to monitor greenhouse gas concentrations, while oceanographers track thermohaline circulation shifts linked to global warming. Quantum computing, leveraging superposition and entanglement principles, promises breakthroughs in cryptography and complex system modeling, with current qubit architectures focusing on error correction.","Human space exploration relies on advanced technologies such as reusable rocket systems, exemplified by SpaceX’s Falcon 9, which reduce launch costs through vertical landing mechanisms. The International Space Station (ISS), orbiting Earth at approximately 408 kilometers, serves as a microgravity laboratory for studying fluid dynamics, material science, and human physiology in prolonged weightlessness. NASA’s Artemis program aims to establish a sustainable lunar presence using the Space Launch System (SLS) and Orion spacecraft, targeting the Moon’s south pole for its water-ice deposits. Meanwhile, the James Webb Space Telescope (JWST) utilizes infrared spectroscopy to analyze exoplanet atmospheres, searching for biosignatures like methane or oxygen. Climate science employs satellite-based radiometry to monitor greenhouse gas concentrations, while oceanographers track thermohaline circulation shifts linked to global warming. Quantum computing, leveraging superposition and entanglement principles, promises breakthroughs in cryptography and complex system modeling, with current qubit architectures focusing on error correction.

Why do transition metals exhibit variable oxidation states?","Transition metals exhibit variable oxidation states due to similar energy differences between their valence electrons, allowing multiple electron configurations by losing different numbers of d-orbital electrons.","Human space exploration relies on advanced technologies such as reusable rocket systems, exemplified by SpaceX’s Falcon 9, which reduce launch costs through vertical landing mechanisms. The International Space Station (ISS), orbiting Earth at approximately 408 kilometers, serves as a microgravity laboratory for studying fluid dynamics, material science, and human physiology in prolonged weightlessness. NASA’s Artemis program aims to establish a sustainable lunar presence using the Space Launch System (SLS) and Orion spacecraft, targeting the Moon’s south pole for its water-ice deposits. Meanwhile, the James Webb Space Telescope (JWST) utilizes infrared spectroscopy to analyze exoplanet atmospheres, searching for biosignatures like methane or oxygen. Climate science employs satellite-based radiometry to monitor greenhouse gas concentrations, while oceanographers track thermohaline circulation shifts linked to global warming. Quantum computing, leveraging superposition and entanglement principles, promises breakthroughs in cryptography and complex system modeling, with current qubit architectures focusing on error correction.

Why do transition metals exhibit variable oxidation states? 

 What part of the context is irrelevant or unnecessary to answer the above reasoning question?"
programming,What is the reason for a segmentation fault when dereferencing a null pointer in C++ but not when dereferencing a dangling pointer?,"Programming is a discipline centered on writing instructions for computers using formal languages like Python, Java, or C++. Object-oriented programming (OOP) emphasizes organizing code into reusable classes and objects, leveraging principles such as inheritance, encapsulation, and polymorphism. Algorithms and data structures—like hash tables, trees, or sorting methods—optimize computational efficiency, often analyzed through asymptotic notation (e.g., Big O). Version control systems such as Git enable collaborative development by tracking code changes and managing branches. Compilers translate high-level code into machine-readable binaries, while interpreters execute instructions line-by-line without prior compilation. Debugging tools, including breakpoints and stack traces, help identify logical errors during testing. Memory management techniques, such as garbage collection or manual allocation, prevent leaks and ensure resource efficiency in applications.","Programming is a discipline centered on writing instructions for computers using formal languages like Python, Java, or C++. Object-oriented programming (OOP) emphasizes organizing code into reusable classes and objects, leveraging principles such as inheritance, encapsulation, and polymorphism. Algorithms and data structures—like hash tables, trees, or sorting methods—optimize computational efficiency, often analyzed through asymptotic notation (e.g., Big O). Version control systems such as Git enable collaborative development by tracking code changes and managing branches. Compilers translate high-level code into machine-readable binaries, while interpreters execute instructions line-by-line without prior compilation. Debugging tools, including breakpoints and stack traces, help identify logical errors during testing. Memory management techniques, such as garbage collection or manual allocation, prevent leaks and ensure resource efficiency in applications.

What is the reason for a segmentation fault when dereferencing a null pointer in C++ but not when dereferencing a dangling pointer?","A null pointer refers to unmapped memory, triggering an immediate access violation; a dangling pointer may point to accessible but invalid memory, which isn't guaranteed to fault.","Programming is a discipline centered on writing instructions for computers using formal languages like Python, Java, or C++. Object-oriented programming (OOP) emphasizes organizing code into reusable classes and objects, leveraging principles such as inheritance, encapsulation, and polymorphism. Algorithms and data structures—like hash tables, trees, or sorting methods—optimize computational efficiency, often analyzed through asymptotic notation (e.g., Big O). Version control systems such as Git enable collaborative development by tracking code changes and managing branches. Compilers translate high-level code into machine-readable binaries, while interpreters execute instructions line-by-line without prior compilation. Debugging tools, including breakpoints and stack traces, help identify logical errors during testing. Memory management techniques, such as garbage collection or manual allocation, prevent leaks and ensure resource efficiency in applications.

What is the reason for a segmentation fault when dereferencing a null pointer in C++ but not when dereferencing a dangling pointer? 

 What part of the context is irrelevant or unnecessary to answer the above reasoning question?"
